,address,datetime,mint,maxt,temp,dew,humidity,heatindex,wspd,wgust,wdir,windchill,precip,precipcover,snowdepth,visibility,cloudcover,sealevelpressure,weathertype,latitude,longitude,resolvedAddress,name,info,conditions,airportName
0,"33.6367,-84.428101",01/01/2020,36.0,55.1,45.4,25.8,47.98,,12.7,20.3,263.88,31.8,0.0,0.0,0.0,9.9,63.7,1017.5,,33.6367,-84.428101,"33.6367,-84.428101","33.6367,-84.428101",,Partially cloudy,ATL
1,"33.6367,-84.428101",01/02/2020,46.1,48.8,47.4,39.1,74.64,,13.8,,91.96,41.9,0.8,75.0,0.0,6.0,83.5,1015.2,"Mist, Rain, Heavy Rain, Light Rain",33.6367,-84.428101,"33.6367,-84.428101","33.6367,-84.428101",,"Rain, Overcast",ATL
2,"33.6367,-84.428101",01/03/2020,50.0,62.0,57.8,55.6,92.28,,14.9,27.7,163.33,,0.66,58.33,0.0,3.2,69.8,1011.6,"Mist, Rain, Fog, Heavy Rain, Light Rain",33.6367,-84.428101,"33.6367,-84.428101","33.6367,-84.428101",,"Rain, Partially cloudy",ATL
3,"33.6367,-84.428101",01/04/2020,38.0,59.0,52.5,42.4,70.76,,27.6,40.9,276.33,30.1,0.21,41.67,0.0,7.9,66.6,1015.0,"Mist, Rain, Heavy Rain, Light Rain",33.6367,-84.428101,"33.6367,-84.428101","33.6367,-84.428101",,"Rain, Partially cloudy",ATL
4,"33.6367,-84.428101",01/05/2020,32.0,53.9,41.7,26.6,56.7,,16.0,29.8,282.21,23.6,0.0,0.0,0.0,9.9,1.1,1025.6,,33.6367,-84.428101,"33.6367,-84.428101","33.6367,-84.428101",,Clear,ATL
5,"33.6367,-84.428101",01/06/2020,38.0,62.9,49.6,35.4,58.8,,9.1,,245.25,32.1,0.0,0.0,0.0,9.9,20.4,1021.6,,33.6367,-84.428101,"33.6367,-84.428101","33.6367,-84.428101",,Clear,ATL
6,"33.6367,-84.428101",01/07/2020,44.9,56.9,51.9,34.9,55.43,,21.8,29.6,268.33,39.7,0.02,8.33,0.0,9.8,35.8,1019.7,Light Rain,33.6367,-84.428101,"33.6367,-84.428101","33.6367,-84.428101",,"Rain, Partially cloudy",ATL
7,"33.6367,-84.428101",01/08/2020,37.1,61.1,47.7,25.3,43.83,,12.7,,279.13,31.1,0.0,0.0,0.0,9.9,13.3,1029.2,,33.6367,-84.428101,"33.6367,-84.428101","33.6367,-84.428101",,Clear,ATL
8,"33.6367,-84.428101",01/09/2020,37.1,62.9,51.2,33.7,52.4,,15.0,27.7,109.83,32.4,0.0,0.0,0.0,9.9,60.0,1032.2,,33.6367,-84.428101,"33.6367,-84.428101","33.6367,-84.428101",,Partially cloudy,ATL
9,"33.6367,-84.428101",01/10/2020,51.2,65.0,57.8,48.3,70.72,,13.8,18.3,107.08,,0.0,0.0,0.0,9.9,67.8,1028.8,,33.6367,-84.428101,"33.6367,-84.428101","33.6367,-84.428101",,Partially cloudy,ATL
10,"33.6367,-84.428101",01/11/2020,60.2,70.1,65.5,61.2,86.18,,20.7,35.8,172.33,,1.34,41.67,0.0,8.0,90.5,1019.0,"Mist, Light Drizzle, Rain, Thunderstorm, Heavy Rain, Light Rain",33.6367,-84.428101,"33.6367,-84.428101","33.6367,-84.428101",,"Rain, Overcast",ATL
11,"33.6367,-84.428101",01/12/2020,50.0,68.0,59.4,50.6,73.57,,10.2,24.2,222.71,47.2,0.0,8.33,0.0,9.9,50.8,1024.0,"Mist, Fog, Light Rain",33.6367,-84.428101,"33.6367,-84.428101","33.6367,-84.428101",,Partially cloudy,ATL
12,"33.6367,-84.428101",01/13/2020,60.1,65.9,62.8,58.7,86.59,,10.4,,114.63,,1.48,66.67,0.0,6.4,85.4,1026.4,"Lightning Without Thunder, Mist, Rain, Heavy Rain, Light Rain",33.6367,-84.428101,"33.6367,-84.428101","33.6367,-84.428101",,"Rain, Overcast",ATL
13,"33.6367,-84.428101",01/14/2020,60.1,64.1,62.0,59.4,91.18,,12.6,,193.79,,0.83,62.5,0.0,5.1,74.4,1023.9,"Mist, Rain, Thunderstorm, Fog, Heavy Rain, Light Rain",33.6367,-84.428101,"33.6367,-84.428101","33.6367,-84.428101",,"Rain, Partially cloudy",ATL
14,"33.6367,-84.428101",01/15/2020,56.0,71.9,63.3,58.7,85.57,,9.2,,173.75,,0.0,0.0,0.0,9.3,63.6,1022.2,"Mist, Fog",33.6367,-84.428101,"33.6367,-84.428101","33.6367,-84.428101",,Partially cloudy,ATL
15,"33.6367,-84.428101",01/16/2020,52.1,65.0,59.7,46.5,64.38,,18.3,28.9,309.88,,0.51,16.67,0.0,9.0,74.1,1026.3,"Mist, Light Drizzle, Rain, Heavy Rain, Light Rain",33.6367,-84.428101,"33.6367,-84.428101","33.6367,-84.428101",,"Rain, Partially cloudy",ATL
16,"33.6367,-84.428101",01/17/2020,44.9,55.1,49.4,24.5,38.01,,17.2,24.2,180.83,40.3,0.0,0.0,0.0,9.9,72.3,1032.7,,33.6367,-84.428101,"33.6367,-84.428101","33.6367,-84.428101",,Partially cloudy,ATL
17,"33.6367,-84.428101",01/18/2020,43.1,53.0,47.5,36.1,66.21,,13.8,19.7,136.13,36.1,0.44,29.17,0.0,8.4,91.3,1026.6,"Mist, Rain, Heavy Rain, Light Rain",33.6367,-84.428101,"33.6367,-84.428101","33.6367,-84.428101",,"Rain, Overcast",ATL
18,"33.6367,-84.428101",01/19/2020,34.1,55.1,45.5,30.5,58.98,,21.9,31.0,307.96,23.9,0.07,8.33,0.0,9.5,45.6,1020.6,"Mist, Light Rain",33.6367,-84.428101,"33.6367,-84.428101","33.6367,-84.428101",,"Rain, Partially cloudy",ATL
19,"33.6367,-84.428101",01/20/2020,25.1,37.1,30.5,15.6,53.96,,19.6,25.3,329.58,14.4,0.0,0.0,0.0,9.9,12.9,1027.5,,33.6367,-84.428101,"33.6367,-84.428101","33.6367,-84.428101",,Clear,ATL
20,"33.6367,-84.428101",01/21/2020,24.2,39.8,30.9,15.3,52.97,,12.7,19.7,318.75,13.9,0.0,0.0,0.0,9.9,33.6,1030.0,,33.6367,-84.428101,"33.6367,-84.428101","33.6367,-84.428101",,Partially cloudy,ATL
21,"33.6367,-84.428101",01/22/2020,25.1,48.8,36.8,14.1,41.47,,16.1,19.7,113.29,16.4,0.0,0.0,0.0,9.9,52.4,1027.9,,33.6367,-84.428101,"33.6367,-84.428101","33.6367,-84.428101",,Partially cloudy,ATL
22,"33.6367,-84.428101",01/23/2020,38.9,47.9,43.1,26.3,52.51,,19.6,24.2,94.17,29.1,0.08,37.5,0.0,9.5,78.1,1022.8,"Rain, Heavy Rain, Light Rain",33.6367,-84.428101,"33.6367,-84.428101","33.6367,-84.428101",,"Rain, Overcast",ATL
23,"33.6367,-84.428101",01/24/2020,41.0,57.8,46.9,41.1,81.34,,14.9,,169.63,33.1,0.79,58.33,0.0,5.1,76.7,1015.6,"Mist, Light Drizzle, Rain, Fog, Heavy Rain, Light Rain",33.6367,-84.428101,"33.6367,-84.428101","33.6367,-84.428101",,"Rain, Overcast",ATL
24,"33.6367,-84.428101",01/25/2020,37.1,44.9,40.7,31.6,70.19,,19.6,24.1,292.42,29.5,0.0,0.0,0.0,9.9,64.4,1018.5,,33.6367,-84.428101,"33.6367,-84.428101","33.6367,-84.428101",,Partially cloudy,ATL
25,"33.6367,-84.428101",01/26/2020,33.2,50.0,42.5,31.4,65.76,,11.4,,264.96,25.6,0.0,0.0,0.0,9.9,74.9,1018.8,Light Rain,33.6367,-84.428101,"33.6367,-84.428101","33.6367,-84.428101",,Partially cloudy,ATL
26,"33.6367,-84.428101",01/27/2020,43.0,52.1,47.7,39.6,73.62,,14.9,,252.29,38.9,0.0,4.17,0.0,9.9,67.4,1014.6,Light Rain,33.6367,-84.428101,"33.6367,-84.428101","33.6367,-84.428101",,Partially cloudy,ATL
27,"33.6367,-84.428101",01/28/2020,37.1,57.8,47.1,33.4,62.9,,13.8,20.8,290.0,31.7,0.0,0.0,0.0,9.9,20.2,1016.5,"Mist, Rain, Light Rain",33.6367,-84.428101,"33.6367,-84.428101","33.6367,-84.428101",,Clear,ATL
28,"33.6367,-84.428101",01/29/2020,42.1,52.1,47.2,33.1,58.06,,11.4,,48.71,40.6,0.0,0.0,0.0,9.9,75.9,1016.5,,33.6367,-84.428101,"33.6367,-84.428101","33.6367,-84.428101",,Overcast,ATL
29,"33.6367,-84.428101",01/30/2020,39.8,59.0,48.2,36.2,63.9,,10.3,18.3,84.29,34.3,0.0,0.0,0.0,9.9,28.3,1019.6,Mist,33.6367,-84.428101,"33.6367,-84.428101","33.6367,-84.428101",,Partially cloudy,ATL
30,"33.6367,-84.428101",01/31/2020,39.8,44.9,41.9,36.8,82.13,,14.9,20.8,77.92,33.2,0.08,16.67,0.0,6.9,87.1,1021.1,"Mist, Light Drizzle, Rain, Heavy Rain, Light Rain",33.6367,-84.428101,"33.6367,-84.428101","33.6367,-84.428101",,"Rain, Overcast",ATL
31,"33.6367,-84.428101",02/01/2020,39.8,50.0,44.4,37.9,78.3,,13.8,,224.08,35.7,0.0,4.17,0.0,7.8,81.4,1017.0,"Mist, Rain, Heavy Rain, Light Rain",33.6367,-84.428101,"33.6367,-84.428101","33.6367,-84.428101",,Overcast,ATL
32,"33.6367,-84.428101",02/02/2020,35.9,65.9,50.2,32.2,54.22,,13.9,24.1,258.79,31.1,0.0,0.0,0.0,9.9,23.4,1017.1,,33.6367,-84.428101,"33.6367,-84.428101","33.6367,-84.428101",,Clear,ATL
33,"33.6367,-84.428101",02/03/2020,43.0,75.8,59.3,36.2,45.59,,16.1,23.0,213.46,40.6,0.0,0.0,0.0,9.9,46.5,1017.8,,33.6367,-84.428101,"33.6367,-84.428101","33.6367,-84.428101",,Partially cloudy,ATL
34,"33.6367,-84.428101",02/04/2020,56.9,68.0,61.8,51.4,69.35,,12.7,21.9,221.67,,0.0,0.0,0.0,9.9,72.6,1016.7,Light Rain,33.6367,-84.428101,"33.6367,-84.428101","33.6367,-84.428101",,Partially cloudy,ATL
35,"33.6367,-84.428101",02/05/2020,61.1,66.8,63.7,59.2,85.41,,17.2,24.2,193.83,,0.36,45.83,0.0,7.7,88.2,1011.4,"Mist, Thunderstorm, Rain, Heavy Rain, Light Rain",33.6367,-84.428101,"33.6367,-84.428101","33.6367,-84.428101",,"Rain, Overcast",ATL
36,"33.6367,-84.428101",02/06/2020,52.1,71.9,62.8,59.5,89.11,,26.3,42.5,212.08,,2.5,91.67,0.0,5.4,78.8,998.1,"Lightning Without Thunder, Mist, Thunderstorm, Rain, Heavy Rain, Light Rain",33.6367,-84.428101,"33.6367,-84.428101","33.6367,-84.428101",,"Rain, Overcast",ATL
37,"33.6367,-84.428101",02/07/2020,35.9,51.2,40.4,29.0,64.31,,21.9,36.1,257.58,28.3,0.0,12.5,0.0,9.8,64.5,1009.4,Light Rain,33.6367,-84.428101,"33.6367,-84.428101","33.6367,-84.428101",,Partially cloudy,ATL
38,"33.6367,-84.428101",02/08/2020,30.8,44.9,37.1,31.7,80.95,,8.0,,135.71,28.9,0.11,16.67,0.0,6.8,58.1,1024.9,"Mist, Light Snow, Fog, Light Rain, Smoke Or Haze",33.6367,-84.428101,"33.6367,-84.428101","33.6367,-84.428101",,"Rain, Partially cloudy",ATL
39,"33.6367,-84.428101",02/09/2020,34.1,56.0,43.0,34.9,75.81,,11.4,17.2,113.63,29.3,0.0,0.0,0.0,5.3,66.1,1030.4,"Mist, Fog",33.6367,-84.428101,"33.6367,-84.428101","33.6367,-84.428101",,Partially cloudy,ATL
40,"33.6367,-84.428101",02/10/2020,38.9,53.9,46.4,42.2,85.26,,10.3,,93.63,32.7,1.44,50.0,0.0,7.0,70.7,1023.9,"Mist, Rain, Heavy Rain, Light Rain",33.6367,-84.428101,"33.6367,-84.428101","33.6367,-84.428101",,"Rain, Partially cloudy",ATL
41,"33.6367,-84.428101",02/11/2020,53.9,70.1,63.1,59.3,87.84,,20.7,32.9,218.21,,0.38,70.83,0.0,6.6,79.4,1016.9,"Mist, Rain, Fog, Light Rain",33.6367,-84.428101,"33.6367,-84.428101","33.6367,-84.428101",,"Rain, Overcast",ATL
42,"33.6367,-84.428101",02/12/2020,52.1,72.0,62.2,56.8,83.05,,14.9,26.4,207.25,,0.0,0.0,0.0,7.7,81.7,1015.9,Mist,33.6367,-84.428101,"33.6367,-84.428101","33.6367,-84.428101",,Overcast,ATL
43,"33.6367,-84.428101",02/13/2020,43.1,70.1,59.3,51.6,75.98,,24.5,42.5,273.88,35.8,0.85,37.5,0.0,8.5,81.5,1013.2,"Mist, Light Drizzle, Thunderstorm, Rain, Heavy Rain, Light Rain",33.6367,-84.428101,"33.6367,-84.428101","33.6367,-84.428101",,"Rain, Overcast",ATL
44,"33.6367,-84.428101",02/14/2020,35.0,52.1,42.6,24.5,51.23,,17.2,24.2,330.83,25.9,0.0,0.0,0.0,9.9,29.6,1026.7,,33.6367,-84.428101,"33.6367,-84.428101","33.6367,-84.428101",,Partially cloudy,ATL
45,"33.6367,-84.428101",02/15/2020,33.1,55.1,43.2,24.4,48.02,,16.0,19.7,122.71,24.6,0.0,0.0,0.0,9.9,36.3,1029.5,,33.6367,-84.428101,"33.6367,-84.428101","33.6367,-84.428101",,Partially cloudy,ATL
46,"33.6367,-84.428101",02/16/2020,42.2,47.0,44.8,39.0,80.38,,10.2,,83.42,37.4,0.29,20.83,0.0,5.4,87.5,1022.7,"Mist, Light Drizzle, Rain, Heavy Rain, Light Rain",33.6367,-84.428101,"33.6367,-84.428101","33.6367,-84.428101",,"Rain, Overcast",ATL
47,"33.6367,-84.428101",02/17/2020,44.4,53.0,48.3,45.2,89.04,,9.2,,101.79,41.1,0.0,0.0,0.0,2.4,84.6,1020.2,"Mist, Light Drizzle, Fog",33.6367,-84.428101,"33.6367,-84.428101","33.6367,-84.428101",,Overcast,ATL
48,"33.6367,-84.428101",02/18/2020,51.2,62.0,56.8,54.3,91.56,,10.2,,139.04,,2.09,79.17,0.0,1.2,82.6,1019.9,"Mist, Light Drizzle, Rain, Fog, Heavy Rain, Light Rain",33.6367,-84.428101,"33.6367,-84.428101","33.6367,-84.428101",,"Rain, Overcast",ATL
49,"33.6367,-84.428101",02/19/2020,50.0,60.1,53.1,48.7,85.26,,14.9,25.3,237.08,44.7,0.14,29.17,0.0,6.0,90.5,1023.7,"Mist, Light Drizzle, Light Rain",33.6367,-84.428101,"33.6367,-84.428101","33.6367,-84.428101",,"Rain, Overcast",ATL
50,"33.6367,-84.428101",02/20/2020,38.9,50.0,42.7,38.5,84.82,,19.6,28.0,58.29,29.2,0.94,70.83,0.0,6.2,87.1,1025.2,"Mist, Light Drizzle, Rain, Heavy Rain, Light Rain",33.6367,-84.428101,"33.6367,-84.428101","33.6367,-84.428101",,"Rain, Overcast",ATL
51,"33.6367,-84.428101",02/21/2020,34.1,47.9,40.1,28.9,65.98,,12.7,,296.25,25.6,0.01,4.17,0.0,9.2,51.5,1030.5,"Mist, Light Drizzle, Light Rain",33.6367,-84.428101,"33.6367,-84.428101","33.6367,-84.428101",,"Rain, Partially cloudy",ATL
52,"33.6367,-84.428101",02/22/2020,30.8,55.1,42.4,25.0,52.45,,5.8,,173.08,25.0,0.0,0.0,0.0,9.9,25.2,1030.4,"Rain, Light Rain",33.6367,-84.428101,"33.6367,-84.428101","33.6367,-84.428101",,Partially cloudy,ATL
53,"33.6367,-84.428101",02/23/2020,37.1,56.0,47.9,26.9,45.64,,8.0,,160.0,34.7,0.0,0.0,0.0,9.9,69.4,1024.6,,33.6367,-84.428101,"33.6367,-84.428101","33.6367,-84.428101",,Partially cloudy,ATL
54,"33.6367,-84.428101",02/24/2020,45.0,51.1,47.5,40.9,79.0,,11.4,18.3,106.63,39.7,1.1,79.17,0.0,5.2,87.9,1016.3,"Mist, Light Drizzle, Rain, Heavy Rain, Light Rain",33.6367,-84.428101,"33.6367,-84.428101","33.6367,-84.428101",,"Rain, Overcast",ATL
55,"33.6367,-84.428101",02/25/2020,48.8,68.0,56.6,49.7,79.31,,9.1,,191.29,45.8,0.03,25.0,0.0,5.2,75.9,1010.2,"Mist, Fog, Light Rain",33.6367,-84.428101,"33.6367,-84.428101","33.6367,-84.428101",,"Rain, Overcast",ATL
56,"33.6367,-84.428101",02/26/2020,39.8,54.0,48.8,40.6,73.91,,21.9,36.5,272.13,30.7,0.0,12.5,0.0,9.9,67.5,1013.2,Light Rain,33.6367,-84.428101,"33.6367,-84.428101","33.6367,-84.428101",,Partially cloudy,ATL
57,"33.6367,-84.428101",02/27/2020,34.1,47.9,40.2,21.9,48.83,,22.9,32.1,303.33,23.2,0.0,0.0,0.0,9.9,31.4,1021.4,,33.6367,-84.428101,"33.6367,-84.428101","33.6367,-84.428101",,Partially cloudy,ATL
58,"33.6367,-84.428101",02/28/2020,32.0,53.0,42.7,25.5,51.41,,21.8,35.7,270.83,27.3,0.0,0.0,0.0,9.9,45.0,1021.1,Light Rain,33.6367,-84.428101,"33.6367,-84.428101","33.6367,-84.428101",,Partially cloudy,ATL
59,"33.6367,-84.428101",02/29/2020,35.9,55.1,45.3,25.1,48.14,,25.2,34.6,296.21,29.6,0.0,0.0,0.0,9.9,17.6,1022.8,,33.6367,-84.428101,"33.6367,-84.428101","33.6367,-84.428101",,Clear,ATL
60,"33.6367,-84.428101",03/01/2020,35.0,64.1,50.0,27.9,44.53,,10.3,,137.88,35.7,0.0,0.0,0.0,9.9,56.3,1024.1,,33.6367,-84.428101,"33.6367,-84.428101","33.6367,-84.428101",,Partially cloudy,ATL
61,"33.6367,-84.428101",03/02/2020,47.0,55.1,52.2,43.2,73.34,,11.4,,157.33,43.6,0.94,54.17,0.0,6.5,75.1,1017.6,"Mist, Rain, Heavy Rain, Light Rain",33.6367,-84.428101,"33.6367,-84.428101","33.6367,-84.428101",,"Rain, Overcast",ATL
62,"33.6367,-84.428101",03/03/2020,56.0,69.2,63.5,59.3,86.42,,18.3,27.7,217.88,,0.46,25.0,0.0,7.5,78.5,1011.0,"Lightning Without Thunder, Mist, Thunderstorm, Rain, Fog, Heavy Rain, Light Rain",33.6367,-84.428101,"33.6367,-84.428101","33.6367,-84.428101",,"Rain, Overcast",ATL
63,"33.6367,-84.428101",03/04/2020,53.9,62.0,56.7,52.0,84.6,,11.3,,250.13,,0.91,100.0,0.0,6.7,78.9,1015.4,"Mist, Rain, Heavy Rain, Light Rain",33.6367,-84.428101,"33.6367,-84.428101","33.6367,-84.428101",,"Rain, Overcast",ATL
64,"33.6367,-84.428101",03/05/2020,50.0,53.0,51.3,47.1,85.76,,18.3,25.3,87.42,43.9,1.64,70.83,0.0,5.7,90.3,1016.5,"Lightning Without Thunder, Mist, Light Drizzle, Rain, Heavy Rain, Light Rain",33.6367,-84.428101,"33.6367,-84.428101","33.6367,-84.428101",,"Rain, Overcast",ATL
65,"33.6367,-84.428101",03/06/2020,43.1,56.9,49.6,33.0,57.12,,23.0,34.8,311.67,36.1,0.0,0.0,0.0,9.9,23.2,1021.3,Mist,33.6367,-84.428101,"33.6367,-84.428101","33.6367,-84.428101",,Clear,ATL
66,"33.6367,-84.428101",03/07/2020,33.2,59.0,45.6,25.4,46.8,,14.9,23.0,252.92,25.0,0.0,0.0,0.0,9.9,15.8,1030.1,,33.6367,-84.428101,"33.6367,-84.428101","33.6367,-84.428101",,Clear,ATL
67,"33.6367,-84.428101",03/08/2020,39.8,62.0,50.5,28.0,43.85,,13.8,18.3,109.79,35.6,0.0,0.0,0.0,9.9,55.6,1033.9,,33.6367,-84.428101,"33.6367,-84.428101","33.6367,-84.428101",,Partially cloudy,ATL
68,"33.6367,-84.428101",03/09/2020,43.0,66.8,56.3,39.5,53.99,,12.7,20.8,146.79,38.8,0.0,0.0,0.0,9.9,59.8,1032.4,,33.6367,-84.428101,"33.6367,-84.428101","33.6367,-84.428101",,Partially cloudy,ATL
69,"33.6367,-84.428101",03/10/2020,55.1,65.0,59.3,50.8,73.97,,13.9,20.8,198.88,,0.06,25.0,0.0,9.5,72.2,1026.4,"Mist, Light Rain",33.6367,-84.428101,"33.6367,-84.428101","33.6367,-84.428101",,"Rain, Partially cloudy",ATL
70,"33.6367,-84.428101",03/11/2020,55.1,71.9,61.8,55.9,81.9,,13.7,37.8,248.42,,0.23,16.67,0.0,8.5,74.3,1019.7,"Mist, Light Rain, Smoke Or Haze",33.6367,-84.428101,"33.6367,-84.428101","33.6367,-84.428101",,"Rain, Partially cloudy",ATL
71,"33.6367,-84.428101",03/12/2020,60.1,75.8,66.3,58.2,76.72,,12.7,18.3,164.5,,0.04,20.83,0.0,6.9,77.9,1015.4,"Mist, Light Drizzle, Rain, Heavy Rain, Light Rain",33.6367,-84.428101,"33.6367,-84.428101","33.6367,-84.428101",,"Rain, Overcast",ATL
72,"33.6367,-84.428101",03/13/2020,62.9,71.0,67.0,58.4,74.13,,13.8,23.0,255.79,,0.0,4.17,0.0,9.9,75.4,1019.2,Light Rain,33.6367,-84.428101,"33.6367,-84.428101","33.6367,-84.428101",,Overcast,ATL
73,"33.6367,-84.428101",03/14/2020,56.9,80.0,67.2,52.9,61.01,80.5,12.0,,186.96,,0.0,0.0,0.0,9.9,65.0,1023.9,Light Rain,33.6367,-84.428101,"33.6367,-84.428101","33.6367,-84.428101",,Partially cloudy,ATL
74,"33.6367,-84.428101",03/15/2020,57.8,69.2,61.7,53.1,73.75,,13.8,18.3,271.67,,0.04,16.67,0.0,9.9,71.1,1024.7,"Mist, Light Rain",33.6367,-84.428101,"33.6367,-84.428101","33.6367,-84.428101",,"Rain, Partially cloudy",ATL
75,"33.6367,-84.428101",03/16/2020,53.0,57.8,55.3,50.4,83.69,,16.0,16.1,120.42,,0.0,0.0,0.0,8.1,95.5,1025.7,"Mist, Light Drizzle, Light Rain",33.6367,-84.428101,"33.6367,-84.428101","33.6367,-84.428101",,Overcast,ATL
76,"33.6367,-84.428101",03/17/2020,51.2,68.0,57.8,52.7,83.72,,9.1,,117.38,,0.0,0.0,0.0,4.9,78.6,1023.9,"Mist, Light Drizzle, Fog, Smoke Or Haze",33.6367,-84.428101,"33.6367,-84.428101","33.6367,-84.428101",,Overcast,ATL
77,"33.6367,-84.428101",03/18/2020,56.9,77.0,65.3,58.4,79.5,,9.1,,112.63,,0.0,0.0,0.0,7.5,62.2,1023.9,"Mist, Fog, Light Rain, Smoke Or Haze",33.6367,-84.428101,"33.6367,-84.428101","33.6367,-84.428101",,Partially cloudy,ATL
78,"33.6367,-84.428101",03/19/2020,59.0,80.0,68.5,59.2,74.65,80.9,15.0,23.0,160.63,,0.0,0.0,0.0,5.7,61.3,1023.6,"Mist, Fog",33.6367,-84.428101,"33.6367,-84.428101","33.6367,-84.428101",,Partially cloudy,ATL
79,"33.6367,-84.428101",03/20/2020,63.0,82.1,71.3,58.3,64.95,82.3,17.2,33.2,242.38,,0.0,0.0,0.0,9.9,65.1,1022.9,"Squalls, Light Rain",33.6367,-84.428101,"33.6367,-84.428101","33.6367,-84.428101",,Partially cloudy,ATL
80,"33.6367,-84.428101",03/21/2020,55.1,73.1,64.3,55.3,73.75,,16.1,19.7,305.88,,0.11,33.33,0.0,9.5,71.7,1024.1,"Mist, Rain, Heavy Rain, Light Rain",33.6367,-84.428101,"33.6367,-84.428101","33.6367,-84.428101",,"Rain, Partially cloudy",ATL
81,"33.6367,-84.428101",03/22/2020,47.0,62.9,55.2,48.3,77.84,,13.8,21.9,142.88,43.4,0.03,8.33,0.0,9.2,88.5,1024.9,"Mist, Light Drizzle, Light Rain",33.6367,-84.428101,"33.6367,-84.428101","33.6367,-84.428101",,"Rain, Overcast",ATL
82,"33.6367,-84.428101",03/23/2020,52.1,62.9,56.0,53.5,91.31,,13.8,,133.58,,1.46,66.67,0.0,2.1,94.4,1021.7,"Mist, Light Drizzle, Rain, Heavy Rain, Light Rain",33.6367,-84.428101,"33.6367,-84.428101","33.6367,-84.428101",,"Rain, Overcast",ATL
83,"33.6367,-84.428101",03/24/2020,60.1,76.9,66.8,60.2,81.06,,17.2,28.8,121.63,,0.55,16.67,0.0,5.2,74.0,1014.6,"Lightning Without Thunder, Mist, Fog, Light Rain",33.6367,-84.428101,"33.6367,-84.428101","33.6367,-84.428101",,"Rain, Partially cloudy",ATL
84,"33.6367,-84.428101",03/25/2020,60.1,73.1,66.3,55.3,69.37,,14.9,23.0,312.08,,0.38,12.5,0.0,9.5,42.0,1011.3,"Lightning Without Thunder, Mist, Rain, Thunderstorm, Heavy Rain, Light Rain",33.6367,-84.428101,"33.6367,-84.428101","33.6367,-84.428101",,"Rain, Partially cloudy",ATL
85,"33.6367,-84.428101",03/26/2020,53.0,79.1,65.2,51.0,62.47,,10.2,16.1,150.33,,0.0,4.17,0.0,9.9,42.8,1015.3,Light Rain,33.6367,-84.428101,"33.6367,-84.428101","33.6367,-84.428101",,Partially cloudy,ATL
86,"33.6367,-84.428101",03/27/2020,61.0,84.8,72.1,56.8,60.76,83.9,14.9,19.7,208.25,,0.0,0.0,0.0,9.7,57.5,1013.6,Mist,33.6367,-84.428101,"33.6367,-84.428101","33.6367,-84.428101",,Partially cloudy,ATL
87,"33.6367,-84.428101",03/28/2020,66.3,83.9,74.3,61.1,65.12,83.7,17.1,27.7,213.88,,0.0,0.0,0.0,9.9,77.8,1014.3,,33.6367,-84.428101,"33.6367,-84.428101","33.6367,-84.428101",,Overcast,ATL
88,"33.6367,-84.428101",03/29/2020,66.8,78.1,72.3,53.6,55.63,,20.7,25.2,249.17,,0.0,4.17,0.0,9.7,70.1,1017.1,Light Rain,33.6367,-84.428101,"33.6367,-84.428101","33.6367,-84.428101",,Partially cloudy,ATL
89,"33.6367,-84.428101",03/30/2020,60.2,74.0,66.6,39.0,37.24,,13.8,23.0,302.5,,0.0,0.0,0.0,9.9,66.1,1019.2,,33.6367,-84.428101,"33.6367,-84.428101","33.6367,-84.428101",,Partially cloudy,ATL
90,"33.6367,-84.428101",03/31/2020,50.0,64.1,57.5,44.1,62.91,,22.9,45.8,235.83,44.2,0.34,16.67,0.0,9.6,76.8,1008.2,"Mist, Rain, Heavy Rain, Light Rain",33.6367,-84.428101,"33.6367,-84.428101","33.6367,-84.428101",,"Rain, Overcast",ATL
91,"33.6367,-84.428101",04/01/2020,42.2,60.2,51.0,35.1,55.35,,21.8,33.8,331.25,36.9,0.0,0.0,0.0,9.9,45.7,1013.4,,33.6367,-84.428101,"33.6367,-84.428101","33.6367,-84.428101",,Partially cloudy,ATL
92,"33.6367,-84.428101",04/02/2020,41.0,69.1,54.6,36.1,52.62,,11.4,,287.67,37.1,0.0,0.0,0.0,9.9,32.6,1017.7,,33.6367,-84.428101,"33.6367,-84.428101","33.6367,-84.428101",,Partially cloudy,ATL
93,"33.6367,-84.428101",04/03/2020,47.9,78.1,62.9,36.6,40.71,,10.3,18.3,275.33,44.7,0.0,0.0,0.0,9.9,45.3,1015.5,,33.6367,-84.428101,"33.6367,-84.428101","33.6367,-84.428101",,Partially cloudy,ATL
94,"33.6367,-84.428101",04/04/2020,56.0,75.8,66.5,41.1,40.98,,11.4,,180.79,,0.0,0.0,0.0,9.9,66.5,1014.2,,33.6367,-84.428101,"33.6367,-84.428101","33.6367,-84.428101",,Partially cloudy,ATL
95,"33.6367,-84.428101",04/05/2020,60.1,79.1,68.2,47.6,48.7,,6.9,,97.83,,0.0,0.0,0.0,9.9,66.2,1015.9,,33.6367,-84.428101,"33.6367,-84.428101","33.6367,-84.428101",,Partially cloudy,ATL
96,"33.6367,-84.428101",04/06/2020,57.8,82.1,70.0,52.8,57.43,80.9,12.7,24.2,222.83,,0.0,0.0,0.0,9.9,41.3,1018.0,Mist,33.6367,-84.428101,"33.6367,-84.428101","33.6367,-84.428101",,Partially cloudy,ATL
97,"33.6367,-84.428101",04/07/2020,62.0,77.0,68.3,56.9,67.6,,15.0,23.2,251.17,,0.0,0.0,0.0,9.9,62.7,1016.7,Light Rain,33.6367,-84.428101,"33.6367,-84.428101","33.6367,-84.428101",,Partially cloudy,ATL
98,"33.6367,-84.428101",04/08/2020,62.0,80.0,70.3,63.1,78.81,81.9,10.3,,268.79,,0.01,4.17,0.0,8.6,76.7,1010.6,"Mist, Light Drizzle, Light Rain",33.6367,-84.428101,"33.6367,-84.428101","33.6367,-84.428101",,"Rain, Overcast",ATL
99,"33.6367,-84.428101",04/09/2020,62.0,78.2,69.2,53.3,61.7,,17.2,31.1,290.46,,0.19,16.67,0.0,9.7,61.1,1007.6,"Mist, Thunderstorm, Rain, Heavy Rain, Light Rain",33.6367,-84.428101,"33.6367,-84.428101","33.6367,-84.428101",,"Rain, Partially cloudy",ATL
100,"33.6367,-84.428101",04/10/2020,47.9,62.9,57.1,26.3,31.3,,22.9,35.6,327.5,44.2,0.0,0.0,0.0,9.9,52.4,1013.4,,33.6367,-84.428101,"33.6367,-84.428101","33.6367,-84.428101",,Partially cloudy,ATL
101,"33.6367,-84.428101",04/11/2020,41.0,71.0,56.8,30.6,39.68,,11.3,,187.75,37.8,0.0,0.0,0.0,9.9,32.8,1017.6,,33.6367,-84.428101,"33.6367,-84.428101","33.6367,-84.428101",,Partially cloudy,ATL
102,"33.6367,-84.428101",04/12/2020,52.0,74.9,61.8,52.8,73.68,,20.7,35.6,112.67,,0.12,37.5,0.0,6.2,75.3,1012.0,"Mist, Light Drizzle, Light Rain, Smoke Or Haze",33.6367,-84.428101,"33.6367,-84.428101","33.6367,-84.428101",,"Rain, Overcast",ATL
103,"33.6367,-84.428101",04/13/2020,56.9,73.1,66.8,54.8,66.46,,17.2,42.7,271.29,,0.79,20.83,0.0,9.3,46.8,1011.0,"Lightning Without Thunder, Mist, Thunderstorm, Rain, Heavy Rain, Light Rain",33.6367,-84.428101,"33.6367,-84.428101","33.6367,-84.428101",,"Rain, Partially cloudy",ATL
104,"33.6367,-84.428101",04/14/2020,47.0,71.0,58.0,43.5,60.55,,14.9,19.7,311.29,42.7,0.0,0.0,0.0,9.9,18.1,1016.6,,33.6367,-84.428101,"33.6367,-84.428101","33.6367,-84.428101",,Clear,ATL
105,"33.6367,-84.428101",04/15/2020,41.0,61.1,51.9,26.4,39.58,,17.2,24.1,327.08,33.1,0.0,0.0,0.0,9.9,53.1,1017.0,,33.6367,-84.428101,"33.6367,-84.428101","33.6367,-84.428101",,Partially cloudy,ATL
106,"33.6367,-84.428101",04/16/2020,42.1,69.1,56.4,28.9,36.21,,10.3,19.7,250.79,36.7,0.0,0.0,0.0,9.9,7.3,1023.7,,33.6367,-84.428101,"33.6367,-84.428101","33.6367,-84.428101",,Clear,ATL
107,"33.6367,-84.428101",04/17/2020,47.8,73.1,61.1,41.4,50.19,,15.0,21.9,133.42,48.3,0.0,0.0,0.0,9.9,40.5,1021.6,,33.6367,-84.428101,"33.6367,-84.428101","33.6367,-84.428101",,Partially cloudy,ATL
108,"33.6367,-84.428101",04/18/2020,56.9,69.2,62.6,45.1,56.07,,18.3,25.3,291.71,,0.17,12.5,0.0,9.7,59.7,1014.8,Light Rain,33.6367,-84.428101,"33.6367,-84.428101","33.6367,-84.428101",,"Rain, Partially cloudy",ATL
109,"33.6367,-84.428101",04/19/2020,47.9,53.9,52.1,45.4,79.44,,10.2,39.1,103.21,43.4,2.24,54.17,0.0,5.1,82.4,1012.0,"Lightning Without Thunder, Mist, Light Drizzle, Rain, Thunderstorm, Heavy Rain, Light Rain",33.6367,-84.428101,"33.6367,-84.428101","33.6367,-84.428101",,"Rain, Overcast",ATL
110,"33.6367,-84.428101",04/20/2020,53.9,71.0,61.3,50.0,69.67,,18.3,26.4,262.0,,0.59,37.5,0.0,7.1,63.5,1006.7,"Mist, Light Drizzle, Thunderstorm, Rain, Heavy Rain, Light Rain",33.6367,-84.428101,"33.6367,-84.428101","33.6367,-84.428101",,"Rain, Partially cloudy",ATL
111,"33.6367,-84.428101",04/21/2020,53.0,74.0,63.7,45.4,52.91,,22.9,32.2,288.79,,0.0,0.0,0.0,9.9,20.6,1012.8,Mist,33.6367,-84.428101,"33.6367,-84.428101","33.6367,-84.428101",,Clear,ATL
112,"33.6367,-84.428101",04/22/2020,48.8,71.9,61.8,39.4,45.73,,10.2,,224.67,44.9,0.0,0.0,0.0,9.9,54.3,1017.6,Light Rain,33.6367,-84.428101,"33.6367,-84.428101","33.6367,-84.428101",,Partially cloudy,ATL
113,"33.6367,-84.428101",04/23/2020,53.9,65.9,58.9,54.0,84.18,,24.1,35.6,140.0,,0.79,54.17,0.0,9.0,80.4,1010.5,"Mist, Rain, Heavy Rain, Light Rain",33.6367,-84.428101,"33.6367,-84.428101","33.6367,-84.428101",,"Rain, Overcast",ATL
114,"33.6367,-84.428101",04/24/2020,57.8,71.9,64.6,55.1,72.74,,13.8,19.7,280.83,,0.0,4.17,0.0,9.9,63.2,1008.5,Light Rain,33.6367,-84.428101,"33.6367,-84.428101","33.6367,-84.428101",,Partially cloudy,ATL
115,"33.6367,-84.428101",04/25/2020,56.0,79.1,66.8,53.0,63.46,,17.2,29.2,179.67,,0.0,4.17,0.0,9.9,55.3,1010.6,,33.6367,-84.428101,"33.6367,-84.428101","33.6367,-84.428101",,Partially cloudy,ATL
116,"33.6367,-84.428101",04/26/2020,53.0,68.0,59.0,43.9,57.98,,26.3,36.7,297.5,,0.0,0.0,0.0,9.9,58.6,1015.2,,33.6367,-84.428101,"33.6367,-84.428101","33.6367,-84.428101",,Partially cloudy,ATL
117,"33.6367,-84.428101",04/27/2020,46.1,71.9,59.2,38.4,49.62,,14.9,21.9,294.29,40.3,0.0,0.0,0.0,9.9,31.5,1021.4,,33.6367,-84.428101,"33.6367,-84.428101","33.6367,-84.428101",,Partially cloudy,ATL
118,"33.6367,-84.428101",04/28/2020,53.9,78.2,65.9,44.2,47.36,,10.3,16.1,174.54,,0.0,0.0,0.0,9.9,52.1,1020.2,,33.6367,-84.428101,"33.6367,-84.428101","33.6367,-84.428101",,Partially cloudy,ATL
119,"33.6367,-84.428101",04/29/2020,56.9,69.2,63.7,54.8,73.68,,17.2,33.3,195.0,,0.34,41.67,0.0,9.1,66.3,1011.5,"Lightning Without Thunder, Mist, Rain, Heavy Rain, Light Rain",33.6367,-84.428101,"33.6367,-84.428101","33.6367,-84.428101",,"Rain, Partially cloudy",ATL
120,"33.6367,-84.428101",04/30/2020,53.0,62.9,57.6,48.6,73.05,,13.8,23.0,272.21,,0.01,4.17,0.0,9.9,54.3,1010.6,Light Rain,33.6367,-84.428101,"33.6367,-84.428101","33.6367,-84.428101",,"Rain, Partially cloudy",ATL
121,"33.6367,-84.428101",05/01/2020,47.9,74.0,61.2,41.9,52.18,,17.2,28.9,285.79,44.2,0.0,0.0,0.0,9.9,31.0,1016.7,,33.6367,-84.428101,"33.6367,-84.428101","33.6367,-84.428101",,Partially cloudy,ATL
122,"33.6367,-84.428101",05/02/2020,52.0,82.1,68.3,44.4,45.35,80.3,10.3,,203.33,,0.0,0.0,0.0,9.9,11.2,1020.1,Light Rain,33.6367,-84.428101,"33.6367,-84.428101","33.6367,-84.428101",,Clear,ATL
123,"33.6367,-84.428101",05/03/2020,58.9,83.9,72.7,52.1,50.4,82.3,12.7,23.0,222.71,,0.0,0.0,0.0,9.9,26.7,1016.7,,33.6367,-84.428101,"33.6367,-84.428101","33.6367,-84.428101",,Partially cloudy,ATL
124,"33.6367,-84.428101",05/04/2020,61.1,83.9,74.6,59.3,59.59,85.3,9.1,,274.13,,0.0,0.0,0.0,9.9,42.8,1013.5,,33.6367,-84.428101,"33.6367,-84.428101","33.6367,-84.428101",,Partially cloudy,ATL
125,"33.6367,-84.428101",05/05/2020,65.9,83.9,74.5,62.5,67.19,85.7,19.6,26.4,255.25,,0.0,0.0,0.0,9.9,61.1,1011.1,,33.6367,-84.428101,"33.6367,-84.428101","33.6367,-84.428101",,Partially cloudy,ATL
126,"33.6367,-84.428101",05/06/2020,50.0,73.1,62.4,42.6,49.85,,25.2,40.3,306.17,46.3,0.0,8.33,0.0,9.9,36.7,1014.2,,33.6367,-84.428101,"33.6367,-84.428101","33.6367,-84.428101",,Partially cloudy,ATL
127,"33.6367,-84.428101",05/07/2020,44.9,69.2,57.1,36.9,50.08,,14.9,24.1,306.71,39.3,0.0,0.0,0.0,9.9,15.6,1019.5,,33.6367,-84.428101,"33.6367,-84.428101","33.6367,-84.428101",,Clear,ATL
128,"33.6367,-84.428101",05/08/2020,51.1,62.9,57.7,45.4,64.32,,21.8,29.8,192.96,,0.03,33.33,0.0,9.0,72.6,1015.1,"Mist, Rain, Heavy Rain, Light Rain",33.6367,-84.428101,"33.6367,-84.428101","33.6367,-84.428101",,"Rain, Partially cloudy",ATL
129,"33.6367,-84.428101",05/09/2020,44.0,64.1,54.0,32.6,48.45,,18.3,25.3,303.33,39.5,0.0,0.0,0.0,9.9,51.5,1021.1,,33.6367,-84.428101,"33.6367,-84.428101","33.6367,-84.428101",,Partially cloudy,ATL
130,"33.6367,-84.428101",05/10/2020,44.0,74.0,59.9,35.8,42.97,,10.2,18.3,251.65,41.4,0.0,0.0,0.0,9.9,28.0,1022.0,,33.6367,-84.428101,"33.6367,-84.428101","33.6367,-84.428101",,Partially cloudy,ATL
131,"33.6367,-84.428101",05/11/2020,51.2,68.0,59.5,34.3,40.06,,18.3,27.7,309.58,,0.0,0.0,0.0,9.9,9.2,1021.3,,33.6367,-84.428101,"33.6367,-84.428101","33.6367,-84.428101",,Clear,ATL
132,"33.6367,-84.428101",05/12/2020,48.8,73.1,61.2,39.0,45.15,,11.3,,174.29,47.0,0.0,0.0,0.0,9.9,45.9,1023.5,,33.6367,-84.428101,"33.6367,-84.428101","33.6367,-84.428101",,Partially cloudy,ATL
133,"33.6367,-84.428101",05/13/2020,56.0,79.1,67.4,50.4,55.83,,12.7,16.1,121.08,,0.0,0.0,0.0,9.9,65.0,1023.4,,33.6367,-84.428101,"33.6367,-84.428101","33.6367,-84.428101",,Partially cloudy,ATL
134,"33.6367,-84.428101",05/14/2020,62.0,82.1,70.8,56.1,62.22,81.7,11.4,18.3,132.75,,0.0,0.0,0.0,9.9,63.8,1022.9,,33.6367,-84.428101,"33.6367,-84.428101","33.6367,-84.428101",,Partially cloudy,ATL
135,"33.6367,-84.428101",05/15/2020,61.1,80.0,71.0,56.5,61.86,80.4,10.3,17.2,145.33,,0.0,0.0,0.0,9.9,53.6,1019.3,,33.6367,-84.428101,"33.6367,-84.428101","33.6367,-84.428101",,Partially cloudy,ATL
136,"33.6367,-84.428101",05/16/2020,62.9,83.9,74.1,57.8,58.96,83.2,11.4,,112.71,,0.0,0.0,0.0,9.9,57.4,1016.3,,33.6367,-84.428101,"33.6367,-84.428101","33.6367,-84.428101",,Partially cloudy,ATL
137,"33.6367,-84.428101",05/17/2020,65.0,84.8,74.7,61.3,64.9,85.4,13.8,20.8,140.21,,0.69,16.67,0.0,9.0,66.1,1014.2,"Mist, Thunderstorm, Rain, Heavy Rain, Light Rain",33.6367,-84.428101,"33.6367,-84.428101","33.6367,-84.428101",,"Rain, Partially cloudy",ATL
138,"33.6367,-84.428101",05/18/2020,66.8,78.2,71.2,65.3,82.13,,11.4,34.4,141.0,,0.29,20.83,0.0,9.2,63.5,1009.7,"Lightning Without Thunder, Mist, Thunderstorm, Rain, Heavy Rain, Light Rain",33.6367,-84.428101,"33.6367,-84.428101","33.6367,-84.428101",,"Rain, Partially cloudy",ATL
139,"33.6367,-84.428101",05/19/2020,62.9,74.9,69.3,58.0,69.5,,16.1,24.1,260.33,,0.15,20.83,0.0,9.3,69.9,1008.1,"Lightning Without Thunder, Mist, Thunderstorm, Light Rain",33.6367,-84.428101,"33.6367,-84.428101","33.6367,-84.428101",,"Rain, Partially cloudy",ATL
140,"33.6367,-84.428101",05/20/2020,55.1,64.1,59.5,53.8,81.54,,17.2,21.9,67.5,,0.22,20.83,0.0,9.5,93.9,1012.7,"Mist, Light Drizzle, Rain, Heavy Rain, Light Rain",33.6367,-84.428101,"33.6367,-84.428101","33.6367,-84.428101",,"Rain, Overcast",ATL
141,"33.6367,-84.428101",05/21/2020,53.9,74.0,63.9,55.1,74.66,,9.1,,91.5,,0.0,0.0,0.0,9.0,76.6,1016.4,"Mist, Light Drizzle",33.6367,-84.428101,"33.6367,-84.428101","33.6367,-84.428101",,Overcast,ATL
142,"33.6367,-84.428101",05/22/2020,65.0,84.8,72.9,62.9,71.86,86.2,12.8,36.7,171.5,,0.29,20.83,0.0,9.8,57.3,1017.4,"Lightning Without Thunder, Rain, Thunderstorm, Heavy Rain, Light Rain",33.6367,-84.428101,"33.6367,-84.428101","33.6367,-84.428101",,"Rain, Partially cloudy",ATL
143,"33.6367,-84.428101",05/23/2020,65.0,84.8,75.8,65.5,72.03,86.6,11.3,19.7,208.17,,0.0,0.0,0.0,9.9,54.3,1017.9,"Lightning Without Thunder, Mist, Thunderstorm, Fog",33.6367,-84.428101,"33.6367,-84.428101","33.6367,-84.428101",,Partially cloudy,ATL
144,"33.6367,-84.428101",05/24/2020,69.2,87.2,76.4,63.7,65.74,89.5,13.8,27.7,139.58,,0.0,4.17,0.0,9.9,65.3,1017.4,"Lightning Without Thunder, Thunderstorm, Light Rain",33.6367,-84.428101,"33.6367,-84.428101","33.6367,-84.428101",,Partially cloudy,ATL
145,"33.6367,-84.428101",05/25/2020,68.0,83.9,74.5,65.2,74.25,85.7,20.7,34.4,102.58,,0.64,33.33,0.0,9.6,63.9,1017.2,"Mist, Rain, Heavy Rain, Light Rain",33.6367,-84.428101,"33.6367,-84.428101","33.6367,-84.428101",,"Rain, Partially cloudy",ATL
146,"33.6367,-84.428101",05/26/2020,69.2,73.1,70.5,64.4,81.1,,17.1,25.3,99.17,,0.07,20.83,0.0,9.1,76.3,1016.8,"Mist, Rain, Heavy Rain, Light Rain",33.6367,-84.428101,"33.6367,-84.428101","33.6367,-84.428101",,"Rain, Overcast",ATL
147,"33.6367,-84.428101",05/27/2020,65.9,73.1,69.7,64.7,84.49,,16.0,23.0,123.25,,1.39,45.83,0.0,7.6,89.2,1015.2,"Mist, Light Drizzle, Rain, Heavy Rain, Light Rain",33.6367,-84.428101,"33.6367,-84.428101","33.6367,-84.428101",,"Rain, Overcast",ATL
148,"33.6367,-84.428101",05/28/2020,66.8,83.9,74.9,66.3,76.65,85.3,16.0,23.0,144.79,,0.03,20.83,0.0,7.0,68.2,1015.9,"Mist, Light Drizzle, Light Rain",33.6367,-84.428101,"33.6367,-84.428101","33.6367,-84.428101",,"Rain, Partially cloudy",ATL
149,"33.6367,-84.428101",05/29/2020,71.0,83.0,74.9,67.7,79.01,85.2,11.4,,156.13,,0.05,12.5,0.0,9.7,58.5,1016.5,"Lightning Without Thunder, Rain, Heavy Rain, Light Rain",33.6367,-84.428101,"33.6367,-84.428101","33.6367,-84.428101",,"Rain, Partially cloudy",ATL
150,"33.6367,-84.428101",05/30/2020,68.0,86.0,77.0,62.6,63.93,86.1,12.7,20.8,282.5,,0.0,0.0,0.0,9.9,32.9,1016.4,Mist,33.6367,-84.428101,"33.6367,-84.428101","33.6367,-84.428101",,Partially cloudy,ATL
151,"33.6367,-84.428101",05/31/2020,62.9,83.9,74.6,56.2,54.35,83.4,13.8,,245.57,,0.0,0.0,0.0,9.9,37.2,1017.7,,33.6367,-84.428101,"33.6367,-84.428101","33.6367,-84.428101",,Partially cloudy,ATL
152,"33.6367,-84.428101",06/01/2020,66.8,80.9,73.8,59.3,61.46,81.8,14.9,19.7,112.88,,0.0,0.0,0.0,9.9,58.5,1021.7,,33.6367,-84.428101,"33.6367,-84.428101","33.6367,-84.428101",,Partially cloudy,ATL
153,"33.6367,-84.428101",06/02/2020,65.9,84.8,75.7,60.3,60.03,84.8,9.1,,187.75,,0.0,0.0,0.0,9.9,66.4,1021.1,,33.6367,-84.428101,"33.6367,-84.428101","33.6367,-84.428101",,Partially cloudy,ATL
154,"33.6367,-84.428101",06/03/2020,70.0,86.0,78.3,65.1,64.94,88.3,10.3,,249.54,,0.0,0.0,0.0,9.9,65.3,1016.3,,33.6367,-84.428101,"33.6367,-84.428101","33.6367,-84.428101",,Partially cloudy,ATL
155,"33.6367,-84.428101",06/04/2020,71.0,88.1,79.0,66.2,67.22,89.5,11.4,43.6,233.67,,0.0,12.5,0.0,9.7,49.5,1013.7,"Lightning Without Thunder, Mist, Thunderstorm, Rain, Heavy Rain",33.6367,-84.428101,"33.6367,-84.428101","33.6367,-84.428101",,Partially cloudy,ATL
156,"33.6367,-84.428101",06/05/2020,71.0,82.9,75.0,67.7,78.14,86.6,11.4,21.9,248.92,,0.28,29.17,0.0,9.7,44.9,1014.4,"Lightning Without Thunder, Mist, Thunderstorm, Rain, Heavy Rain, Light Rain",33.6367,-84.428101,"33.6367,-84.428101","33.6367,-84.428101",,"Rain, Partially cloudy",ATL
157,"33.6367,-84.428101",06/06/2020,69.1,84.8,76.7,68.2,75.97,89.4,16.6,,220.63,,0.06,8.33,0.0,9.4,62.4,1015.3,"Rain, Heavy Rain",33.6367,-84.428101,"33.6367,-84.428101","33.6367,-84.428101",,"Rain, Partially cloudy",ATL
158,"33.6367,-84.428101",06/07/2020,71.0,84.8,77.4,68.4,74.6,88.1,11.4,,119.88,,0.0,0.0,0.0,9.9,65.0,1013.8,,33.6367,-84.428101,"33.6367,-84.428101","33.6367,-84.428101",,Partially cloudy,ATL
159,"33.6367,-84.428101",06/08/2020,74.0,84.8,78.5,70.7,77.62,90.0,11.4,19.7,129.92,,0.0,0.0,0.0,9.8,67.5,1013.2,Lightning Without Thunder,33.6367,-84.428101,"33.6367,-84.428101","33.6367,-84.428101",,Partially cloudy,ATL
160,"33.6367,-84.428101",06/09/2020,73.1,83.9,77.2,70.9,81.28,89.6,18.1,39.1,178.63,,0.32,33.33,0.0,9.3,61.6,1014.4,"Lightning Without Thunder, Mist, Rain, Thunderstorm, Heavy Rain, Light Rain",33.6367,-84.428101,"33.6367,-84.428101","33.6367,-84.428101",,"Rain, Partially cloudy",ATL
161,"33.6367,-84.428101",06/10/2020,73.1,83.0,76.4,71.4,84.8,89.7,14.9,25.8,205.63,,0.71,33.33,0.0,8.5,75.4,1014.7,"Lightning Without Thunder, Mist, Light Drizzle, Rain, Thunderstorm, Fog, Heavy Rain, Light Rain",33.6367,-84.428101,"33.6367,-84.428101","33.6367,-84.428101",,"Rain, Overcast",ATL
162,"33.6367,-84.428101",06/11/2020,68.0,83.9,75.9,62.6,64.88,84.9,14.9,24.2,314.13,,0.0,12.5,0.0,9.9,37.4,1018.5,Light Rain,33.6367,-84.428101,"33.6367,-84.428101","33.6367,-84.428101",,Partially cloudy,ATL
163,"33.6367,-84.428101",06/12/2020,65.9,87.2,76.8,60.8,58.78,87.2,18.3,21.9,147.92,,0.01,4.17,0.0,9.9,47.5,1019.2,"Rain, Heavy Rain, Light Rain",33.6367,-84.428101,"33.6367,-84.428101","33.6367,-84.428101",,"Rain, Partially cloudy",ATL
164,"33.6367,-84.428101",06/13/2020,69.1,87.2,78.2,57.4,50.85,85.1,12.6,20.8,70.63,,0.0,0.0,0.0,9.9,44.5,1018.6,,33.6367,-84.428101,"33.6367,-84.428101","33.6367,-84.428101",,Partially cloudy,ATL
165,"33.6367,-84.428101",06/14/2020,65.9,80.0,72.4,60.1,66.21,81.1,36.7,46.0,93.08,,0.34,20.83,0.0,9.8,44.1,1020.9,"Lightning Without Thunder, Mist, Rain, Thunderstorm, Heavy Rain, Light Rain",33.6367,-84.428101,"33.6367,-84.428101","33.6367,-84.428101",,"Rain, Partially cloudy",ATL
166,"33.6367,-84.428101",06/15/2020,62.9,79.1,69.1,59.8,73.03,,19.6,37.1,84.88,,0.0,4.17,0.0,9.9,52.6,1021.3,"Lightning Without Thunder, Thunderstorm",33.6367,-84.428101,"33.6367,-84.428101","33.6367,-84.428101",,Partially cloudy,ATL
167,"33.6367,-84.428101",06/16/2020,61.1,74.0,66.4,54.7,66.74,,14.9,20.8,70.0,,0.0,0.0,0.0,9.9,68.3,1021.8,Light Rain,33.6367,-84.428101,"33.6367,-84.428101","33.6367,-84.428101",,Partially cloudy,ATL
168,"33.6367,-84.428101",06/17/2020,59.0,74.9,66.9,55.6,67.68,,12.7,,241.42,,0.0,0.0,0.0,9.9,62.2,1019.3,,33.6367,-84.428101,"33.6367,-84.428101","33.6367,-84.428101",,Partially cloudy,ATL
169,"33.6367,-84.428101",06/18/2020,62.0,83.0,73.0,58.9,62.84,82.9,11.4,,194.21,,0.0,0.0,0.0,9.9,50.4,1017.5,,33.6367,-84.428101,"33.6367,-84.428101","33.6367,-84.428101",,Partially cloudy,ATL
170,"33.6367,-84.428101",06/19/2020,68.0,84.8,76.9,61.3,59.77,84.8,10.3,44.7,133.29,,0.0,4.17,0.0,9.9,56.5,1018.2,"Lightning Without Thunder, Mist",33.6367,-84.428101,"33.6367,-84.428101","33.6367,-84.428101",,Partially cloudy,ATL
171,"33.6367,-84.428101",06/20/2020,66.8,89.0,79.6,61.8,56.77,89.1,9.2,17.2,202.0,,0.0,0.0,0.0,9.9,37.2,1017.2,Mist,33.6367,-84.428101,"33.6367,-84.428101","33.6367,-84.428101",,Partially cloudy,ATL
172,"33.6367,-84.428101",06/21/2020,70.1,89.1,77.7,65.1,67.4,91.0,30.9,42.4,151.42,,0.02,8.33,0.0,9.9,50.2,1015.9,Light Rain,33.6367,-84.428101,"33.6367,-84.428101","33.6367,-84.428101",,"Rain, Partially cloudy",ATL
173,"33.6367,-84.428101",06/22/2020,69.1,87.2,75.5,67.2,76.8,90.7,17.0,50.6,210.42,,0.11,20.83,0.0,9.6,55.7,1016.4,"Lightning Without Thunder, Mist, Thunderstorm, Light Rain",33.6367,-84.428101,"33.6367,-84.428101","33.6367,-84.428101",,"Rain, Partially cloudy",ATL
174,"33.6367,-84.428101",06/23/2020,69.8,84.8,77.2,68.1,74.57,88.8,15.0,24.1,240.17,,0.03,12.5,0.0,9.8,73.0,1012.7,Light Rain,33.6367,-84.428101,"33.6367,-84.428101","33.6367,-84.428101",,"Rain, Partially cloudy",ATL
175,"33.6367,-84.428101",06/24/2020,69.2,83.0,75.1,66.5,75.27,85.5,11.4,17.2,253.0,,0.07,29.17,0.0,9.7,69.5,1014.5,"Lightning Without Thunder, Light Rain",33.6367,-84.428101,"33.6367,-84.428101","33.6367,-84.428101",,"Rain, Partially cloudy",ATL
176,"33.6367,-84.428101",06/25/2020,70.1,81.0,74.5,68.6,82.47,84.3,10.3,,246.33,,0.36,37.5,0.0,9.0,73.6,1018.0,"Mist, Light Rain",33.6367,-84.428101,"33.6367,-84.428101","33.6367,-84.428101",,"Rain, Partially cloudy",ATL
177,"33.6367,-84.428101",06/26/2020,69.2,84.8,75.8,64.7,69.66,87.5,17.2,37.8,279.46,,0.04,4.17,0.0,9.1,60.8,1021.8,Light Rain,33.6367,-84.428101,"33.6367,-84.428101","33.6367,-84.428101",,"Rain, Partially cloudy",ATL
178,"33.6367,-84.428101",06/27/2020,68.0,86.0,74.9,65.2,72.28,90.2,34.3,41.3,261.83,,0.17,16.67,0.0,8.7,68.8,1018.9,"Mist, Thunderstorm, Rain, Heavy Rain, Light Rain, Smoke Or Haze",33.6367,-84.428101,"33.6367,-84.428101","33.6367,-84.428101",,"Rain, Partially cloudy",ATL
179,"33.6367,-84.428101",06/28/2020,74.0,89.1,81.3,70.0,70.28,94.4,14.9,20.8,254.25,,0.0,0.0,0.0,9.9,66.1,1015.1,Mist,33.6367,-84.428101,"33.6367,-84.428101","33.6367,-84.428101",,Partially cloudy,ATL
180,"33.6367,-84.428101",06/29/2020,73.1,92.0,82.2,68.0,63.75,98.0,12.7,34.4,281.71,,0.0,0.0,0.0,9.9,48.6,1015.5,,33.6367,-84.428101,"33.6367,-84.428101","33.6367,-84.428101",,Partially cloudy,ATL
181,"33.6367,-84.428101",06/30/2020,71.9,89.9,77.3,67.5,73.1,94.7,21.8,30.9,290.79,,0.04,8.33,0.0,9.9,68.0,1014.7,"Lightning Without Thunder, Thunderstorm, Light Rain",33.6367,-84.428101,"33.6367,-84.428101","33.6367,-84.428101",,"Rain, Partially cloudy",ATL
182,"33.6367,-84.428101",07/01/2020,69.2,82.1,75.0,67.3,77.5,84.2,14.9,20.8,285.0,,0.04,8.33,0.0,9.9,62.1,1013.1,Light Rain,33.6367,-84.428101,"33.6367,-84.428101","33.6367,-84.428101",,"Rain, Partially cloudy",ATL
183,"33.6367,-84.428101",07/02/2020,71.0,89.0,79.0,69.0,72.79,93.7,15.6,31.1,263.88,,0.28,16.67,0.0,9.7,52.2,1012.6,"Lightning Without Thunder, Thunderstorm, Rain, Heavy Rain",33.6367,-84.428101,"33.6367,-84.428101","33.6367,-84.428101",,"Rain, Partially cloudy",ATL
184,"33.6367,-84.428101",07/03/2020,74.9,91.1,82.8,68.1,63.25,93.8,9.1,,125.42,,0.0,0.0,0.0,9.8,49.6,1013.4,Mist,33.6367,-84.428101,"33.6367,-84.428101","33.6367,-84.428101",,Partially cloudy,ATL
185,"33.6367,-84.428101",07/04/2020,74.9,89.9,81.2,69.3,68.56,94.1,15.4,,139.0,,0.01,12.5,0.0,9.1,49.2,1013.0,"Lightning Without Thunder, Mist, Thunderstorm, Light Rain, Smoke Or Haze",33.6367,-84.428101,"33.6367,-84.428101","33.6367,-84.428101",,"Rain, Partially cloudy",ATL
186,"33.6367,-84.428101",07/05/2020,74.0,91.1,82.7,67.1,62.15,91.7,16.0,21.9,132.91,,0.0,0.0,0.0,7.2,53.7,1013.4,"Mist, Fog, Smoke Or Haze",33.6367,-84.428101,"33.6367,-84.428101","33.6367,-84.428101",,Partially cloudy,ATL
187,"33.6367,-84.428101",07/06/2020,73.1,86.0,77.5,69.3,76.99,90.2,12.7,29.8,94.29,,1.2,33.33,0.0,8.7,74.2,1014.9,"Lightning Without Thunder, Mist, Rain, Thunderstorm, Heavy Rain, Light Rain",33.6367,-84.428101,"33.6367,-84.428101","33.6367,-84.428101",,"Rain, Partially cloudy",ATL
188,"33.6367,-84.428101",07/07/2020,74.0,87.1,78.7,70.1,75.85,92.9,10.2,,62.0,,0.0,25.0,0.0,9.7,74.4,1014.5,"Mist, Light Drizzle, Rain, Heavy Rain, Light Rain",33.6367,-84.428101,"33.6367,-84.428101","33.6367,-84.428101",,Partially cloudy,ATL
189,"33.6367,-84.428101",07/08/2020,74.0,84.8,79.4,70.2,74.23,89.6,9.1,,145.63,,0.0,4.17,0.0,9.9,64.8,1013.7,"Lightning Without Thunder, Light Rain",33.6367,-84.428101,"33.6367,-84.428101","33.6367,-84.428101",,Partially cloudy,ATL
190,"33.6367,-84.428101",07/09/2020,73.1,89.0,78.6,70.1,76.4,96.1,14.9,53.0,195.17,,0.22,20.83,0.0,9.7,61.7,1012.9,"Lightning Without Thunder, Light Drizzle, Thunderstorm, Rain, Heavy Rain, Light Rain",33.6367,-84.428101,"33.6367,-84.428101","33.6367,-84.428101",,"Rain, Partially cloudy",ATL
191,"33.6367,-84.428101",07/10/2020,71.9,92.0,82.1,71.7,72.75,100.9,14.9,26.4,260.0,,0.01,4.17,0.0,8.5,51.6,1013.0,"Lightning Without Thunder, Mist, Thunderstorm, Fog",33.6367,-84.428101,"33.6367,-84.428101","33.6367,-84.428101",,"Rain, Partially cloudy",ATL
192,"33.6367,-84.428101",07/11/2020,73.1,91.1,82.4,64.4,57.06,91.2,18.3,26.4,320.42,,0.0,0.0,0.0,9.9,14.9,1012.5,,33.6367,-84.428101,"33.6367,-84.428101","33.6367,-84.428101",,Clear,ATL
193,"33.6367,-84.428101",07/12/2020,70.0,89.0,78.7,65.8,65.73,92.0,11.3,,277.5,,0.0,0.0,0.0,9.9,45.4,1011.2,Light Rain,33.6367,-84.428101,"33.6367,-84.428101","33.6367,-84.428101",,Partially cloudy,ATL
194,"33.6367,-84.428101",07/13/2020,68.0,89.0,78.8,67.3,69.9,92.6,16.1,21.9,285.79,,0.0,0.0,0.0,8.9,49.1,1012.1,Mist,33.6367,-84.428101,"33.6367,-84.428101","33.6367,-84.428101",,Partially cloudy,ATL
195,"33.6367,-84.428101",07/14/2020,71.9,91.1,83.0,66.3,59.05,93.2,10.2,,238.96,,0.0,0.0,0.0,9.9,29.1,1015.1,,33.6367,-84.428101,"33.6367,-84.428101","33.6367,-84.428101",,Partially cloudy,ATL
196,"33.6367,-84.428101",07/15/2020,74.9,90.0,82.1,70.1,68.08,96.4,9.2,31.1,118.13,,0.21,33.33,0.0,9.8,58.8,1017.0,"Lightning Without Thunder, Mist, Thunderstorm, Light Rain",33.6367,-84.428101,"33.6367,-84.428101","33.6367,-84.428101",,"Rain, Partially cloudy",ATL
197,"33.6367,-84.428101",07/16/2020,73.1,91.1,81.4,70.3,70.75,96.2,11.4,18.3,165.83,,0.0,4.17,0.0,9.6,44.7,1019.6,"Lightning Without Thunder, Mist",33.6367,-84.428101,"33.6367,-84.428101","33.6367,-84.428101",,Partially cloudy,ATL
198,"33.6367,-84.428101",07/17/2020,75.8,92.9,84.8,69.8,62.54,99.1,8.0,,140.17,,0.0,0.0,0.0,9.9,32.7,1020.7,Mist,33.6367,-84.428101,"33.6367,-84.428101","33.6367,-84.428101",,Partially cloudy,ATL
199,"33.6367,-84.428101",07/18/2020,78.1,92.9,84.4,69.6,62.19,99.1,16.0,29.3,226.46,,0.01,16.67,0.0,9.9,43.2,1019.2,"Lightning Without Thunder, Thunderstorm, Rain, Heavy Rain",33.6367,-84.428101,"33.6367,-84.428101","33.6367,-84.428101",,"Rain, Partially cloudy",ATL
200,"33.6367,-84.428101",07/19/2020,74.9,95.0,84.9,69.1,60.72,99.8,9.1,,169.17,,0.0,0.0,0.0,9.9,41.5,1017.5,Mist,33.6367,-84.428101,"33.6367,-84.428101","33.6367,-84.428101",,Partially cloudy,ATL
201,"33.6367,-84.428101",07/20/2020,78.1,95.0,85.4,69.0,59.5,99.8,21.9,41.4,209.04,,0.07,4.17,0.0,9.7,45.5,1016.5,"Mist, Rain, Thunderstorm, Heavy Rain, Light Rain",33.6367,-84.428101,"33.6367,-84.428101","33.6367,-84.428101",,"Rain, Partially cloudy",ATL
202,"33.6367,-84.428101",07/21/2020,75.8,94.1,81.8,70.6,70.4,100.9,10.2,39.1,183.04,,0.04,25.0,0.0,9.8,54.4,1017.7,"Lightning Without Thunder, Mist, Thunderstorm, Heavy Rain, Light Rain",33.6367,-84.428101,"33.6367,-84.428101","33.6367,-84.428101",,"Rain, Partially cloudy",ATL
203,"33.6367,-84.428101",07/22/2020,73.1,92.0,82.4,69.9,68.12,97.2,8.0,,165.46,,0.0,4.17,0.0,9.6,53.6,1018.9,"Lightning Without Thunder, Thunderstorm",33.6367,-84.428101,"33.6367,-84.428101","33.6367,-84.428101",,Partially cloudy,ATL
204,"33.6367,-84.428101",07/23/2020,74.9,92.0,83.2,68.0,61.73,94.8,16.0,32.3,130.21,,0.0,0.0,0.0,9.9,42.6,1019.8,Mist,33.6367,-84.428101,"33.6367,-84.428101","33.6367,-84.428101",,Partially cloudy,ATL
205,"33.6367,-84.428101",07/24/2020,74.0,87.2,80.1,68.6,69.25,92.2,13.8,,178.5,,0.0,0.0,0.0,9.9,68.6,1020.7,,33.6367,-84.428101,"33.6367,-84.428101","33.6367,-84.428101",,Partially cloudy,ATL
206,"33.6367,-84.428101",07/25/2020,72.0,91.1,77.8,68.6,74.67,96.9,12.1,17.2,143.42,,0.06,25.0,0.0,9.9,48.9,1020.4,"Lightning Without Thunder, Thunderstorm, Light Rain",33.6367,-84.428101,"33.6367,-84.428101","33.6367,-84.428101",,"Rain, Partially cloudy",ATL
207,"33.6367,-84.428101",07/26/2020,71.0,89.0,80.4,68.0,67.6,93.7,6.9,,135.42,,0.0,0.0,0.0,9.9,48.8,1020.3,"Lightning Without Thunder, Mist, Light Rain",33.6367,-84.428101,"33.6367,-84.428101","33.6367,-84.428101",,Partially cloudy,ATL
208,"33.6367,-84.428101",07/27/2020,74.9,92.9,83.5,69.1,63.77,97.3,17.1,21.9,237.08,,0.0,0.0,0.0,9.9,42.0,1017.4,,33.6367,-84.428101,"33.6367,-84.428101","33.6367,-84.428101",,Partially cloudy,ATL
209,"33.6367,-84.428101",07/28/2020,74.9,88.1,81.4,69.8,68.56,94.1,11.4,24.2,233.38,,0.0,12.5,0.0,9.9,46.6,1016.0,"Lightning Without Thunder, Thunderstorm, Light Rain",33.6367,-84.428101,"33.6367,-84.428101","33.6367,-84.428101",,Partially cloudy,ATL
210,"33.6367,-84.428101",07/29/2020,74.9,83.9,78.2,71.3,79.63,89.5,10.3,19.7,236.83,,0.38,25.0,0.0,9.4,70.5,1016.0,"Mist, Rain, Thunderstorm, Heavy Rain, Light Rain, Smoke Or Haze",33.6367,-84.428101,"33.6367,-84.428101","33.6367,-84.428101",,"Rain, Partially cloudy",ATL
211,"33.6367,-84.428101",07/30/2020,74.9,86.0,79.7,72.0,78.09,94.1,12.7,29.7,249.42,,0.01,16.67,0.0,9.9,72.8,1014.4,"Mist, Rain, Thunderstorm, Heavy Rain, Light Rain",33.6367,-84.428101,"33.6367,-84.428101","33.6367,-84.428101",,"Rain, Partially cloudy",ATL
212,"33.6367,-84.428101",07/31/2020,74.9,92.0,82.8,71.2,69.09,99.8,12.8,23.0,247.04,,0.0,8.33,0.0,9.8,46.2,1013.1,,33.6367,-84.428101,"33.6367,-84.428101","33.6367,-84.428101",,Partially cloudy,ATL
213,"33.6367,-84.428101",08/01/2020,73.1,89.1,81.6,69.1,67.31,92.8,16.1,27.3,229.25,,0.0,0.0,0.0,9.9,41.8,1013.8,,33.6367,-84.428101,"33.6367,-84.428101","33.6367,-84.428101",,Partially cloudy,ATL
214,"33.6367,-84.428101",08/02/2020,74.0,89.9,82.6,68.7,64.42,94.8,8.0,,245.7,,0.0,0.0,0.0,9.9,43.4,1014.4,Light Rain,33.6367,-84.428101,"33.6367,-84.428101","33.6367,-84.428101",,Partially cloudy,ATL
215,"33.6367,-84.428101",08/03/2020,71.9,86.0,79.0,68.7,71.18,91.5,14.9,33.4,108.46,,0.13,12.5,0.0,9.7,50.9,1013.9,"Thunderstorm, Rain, Heavy Rain, Light Rain",33.6367,-84.428101,"33.6367,-84.428101","33.6367,-84.428101",,"Rain, Partially cloudy",ATL
216,"33.6367,-84.428101",08/04/2020,68.0,89.9,79.2,65.9,66.6,91.5,9.1,17.2,233.63,,0.0,4.17,0.0,9.9,40.8,1014.2,,33.6367,-84.428101,"33.6367,-84.428101","33.6367,-84.428101",,Partially cloudy,ATL
217,"33.6367,-84.428101",08/05/2020,74.0,89.9,81.9,67.2,62.29,93.9,18.3,21.9,106.58,,0.09,4.17,0.0,9.9,43.6,1015.1,"Lightning Without Thunder, Thunderstorm, Light Rain",33.6367,-84.428101,"33.6367,-84.428101","33.6367,-84.428101",,"Rain, Partially cloudy",ATL
218,"33.6367,-84.428101",08/06/2020,73.1,91.1,81.4,68.9,67.62,93.8,9.2,,147.5,,0.0,0.0,0.0,9.9,55.4,1015.5,"Lightning Without Thunder, Thunderstorm",33.6367,-84.428101,"33.6367,-84.428101","33.6367,-84.428101",,Partially cloudy,ATL
219,"33.6367,-84.428101",08/07/2020,74.0,90.0,81.6,68.3,65.7,93.7,10.2,32.2,146.04,,0.0,8.33,0.0,9.9,57.9,1017.4,"Lightning Without Thunder, Mist, Thunderstorm, Light Rain",33.6367,-84.428101,"33.6367,-84.428101","33.6367,-84.428101",,Partially cloudy,ATL
220,"33.6367,-84.428101",08/08/2020,74.0,93.8,82.8,67.9,63.17,97.9,11.3,19.7,143.75,,0.0,0.0,0.0,9.9,36.2,1019.6,"Mist, Light Rain",33.6367,-84.428101,"33.6367,-84.428101","33.6367,-84.428101",,Partially cloudy,ATL
221,"33.6367,-84.428101",08/09/2020,73.1,93.8,83.9,67.5,60.83,97.4,9.1,18.3,218.71,,0.0,0.0,0.0,9.9,32.9,1019.6,"Lightning Without Thunder, Mist, Thunderstorm",33.6367,-84.428101,"33.6367,-84.428101","33.6367,-84.428101",,Partially cloudy,ATL
222,"33.6367,-84.428101",08/10/2020,73.1,92.9,78.5,68.9,73.58,98.9,10.2,32.8,238.79,,0.12,12.5,0.0,9.8,54.6,1018.1,"Lightning Without Thunder, Thunderstorm, Rain, Heavy Rain, Light Rain",33.6367,-84.428101,"33.6367,-84.428101","33.6367,-84.428101",,"Rain, Partially cloudy",ATL
223,"33.6367,-84.428101",08/11/2020,71.9,93.8,80.9,69.9,71.32,98.9,11.3,,295.38,,0.0,0.0,0.0,9.9,52.2,1015.8,Light Rain,33.6367,-84.428101,"33.6367,-84.428101","33.6367,-84.428101",,Partially cloudy,ATL
224,"33.6367,-84.428101",08/12/2020,74.1,92.0,79.5,70.4,75.17,98.0,9.1,23.0,242.33,,0.09,8.33,0.0,9.9,62.6,1015.6,"Lightning Without Thunder, Thunderstorm, Light Rain",33.6367,-84.428101,"33.6367,-84.428101","33.6367,-84.428101",,"Rain, Partially cloudy",ATL
225,"33.6367,-84.428101",08/13/2020,73.1,93.8,81.6,70.2,70.84,99.4,10.2,20.8,228.83,,0.66,16.67,0.0,9.4,54.3,1015.4,"Lightning Without Thunder, Mist, Thunderstorm, Rain, Heavy Rain, Light Rain",33.6367,-84.428101,"33.6367,-84.428101","33.6367,-84.428101",,"Rain, Partially cloudy",ATL
226,"33.6367,-84.428101",08/14/2020,71.9,84.8,76.4,70.3,82.15,90.0,9.1,18.3,143.58,,0.08,29.17,0.0,9.7,61.7,1014.0,"Lightning Without Thunder, Mist, Thunderstorm, Heavy Rain, Light Rain",33.6367,-84.428101,"33.6367,-84.428101","33.6367,-84.428101",,"Rain, Partially cloudy",ATL
227,"33.6367,-84.428101",08/15/2020,73.1,87.9,77.5,70.7,80.75,92.9,10.3,33.3,247.5,,0.32,16.67,0.0,8.8,66.4,1011.8,"Mist, Thunderstorm, Rain, Heavy Rain, Light Rain",33.6367,-84.428101,"33.6367,-84.428101","33.6367,-84.428101",,"Rain, Partially cloudy",ATL
228,"33.6367,-84.428101",08/16/2020,71.9,91.1,81.0,67.0,65.14,93.8,14.9,19.7,306.54,,0.0,0.0,0.0,9.9,33.8,1013.1,Mist,33.6367,-84.428101,"33.6367,-84.428101","33.6367,-84.428101",,Partially cloudy,ATL
229,"33.6367,-84.428101",08/17/2020,74.0,89.9,81.6,67.0,62.57,94.4,12.7,17.2,268.33,,0.0,0.0,0.0,9.9,41.3,1014.5,Lightning Without Thunder,33.6367,-84.428101,"33.6367,-84.428101","33.6367,-84.428101",,Partially cloudy,ATL
230,"33.6367,-84.428101",08/18/2020,71.0,89.9,79.6,63.4,59.29,91.4,21.8,28.9,128.5,,0.0,8.33,0.0,9.9,40.4,1013.0,"Thunderstorm, Light Rain",33.6367,-84.428101,"33.6367,-84.428101","33.6367,-84.428101",,Partially cloudy,ATL
231,"33.6367,-84.428101",08/19/2020,71.0,87.2,76.8,67.2,73.44,90.7,20.7,36.1,119.04,,0.61,25.0,0.0,9.5,51.5,1011.8,"Lightning Without Thunder, Mist, Thunderstorm, Rain, Heavy Rain, Light Rain",33.6367,-84.428101,"33.6367,-84.428101","33.6367,-84.428101",,"Rain, Partially cloudy",ATL
232,"33.6367,-84.428101",08/20/2020,69.2,83.0,74.1,67.2,79.83,87.1,11.3,19.7,89.42,,0.32,29.17,0.0,9.4,66.0,1013.3,"Lightning Without Thunder, Mist, Thunderstorm, Rain, Heavy Rain, Light Rain",33.6367,-84.428101,"33.6367,-84.428101","33.6367,-84.428101",,"Rain, Partially cloudy",ATL
233,"33.6367,-84.428101",08/21/2020,71.0,82.1,74.0,67.9,81.81,85.1,18.2,36.7,104.83,,0.23,37.5,0.0,8.6,73.4,1012.8,"Lightning Without Thunder, Mist, Light Drizzle, Rain, Fog, Heavy Rain, Light Rain",33.6367,-84.428101,"33.6367,-84.428101","33.6367,-84.428101",,"Rain, Partially cloudy",ATL
234,"33.6367,-84.428101",08/22/2020,70.0,84.8,76.4,67.6,75.95,87.1,10.2,18.3,150.83,,0.06,8.33,0.0,9.0,64.3,1014.8,Mist,33.6367,-84.428101,"33.6367,-84.428101","33.6367,-84.428101",,"Rain, Partially cloudy",ATL
235,"33.6367,-84.428101",08/23/2020,71.9,86.0,77.4,69.0,76.21,89.4,11.4,24.2,159.92,,0.0,0.0,0.0,9.9,71.2,1018.4,,33.6367,-84.428101,"33.6367,-84.428101","33.6367,-84.428101",,Partially cloudy,ATL
236,"33.6367,-84.428101",08/24/2020,73.1,83.9,76.8,71.1,83.08,89.5,11.4,,92.17,,0.15,37.5,0.0,8.4,77.2,1019.4,"Mist, Light Drizzle, Light Rain",33.6367,-84.428101,"33.6367,-84.428101","33.6367,-84.428101",,"Rain, Overcast",ATL
237,"33.6367,-84.428101",08/25/2020,73.1,75.8,74.5,71.4,90.1,,11.3,,80.88,,1.16,62.5,0.0,3.3,91.5,1019.2,"Mist, Rain, Heavy Rain, Light Rain",33.6367,-84.428101,"33.6367,-84.428101","33.6367,-84.428101",,"Rain, Overcast",ATL
238,"33.6367,-84.428101",08/26/2020,74.9,88.1,79.3,72.8,81.19,97.8,17.1,25.3,129.17,,0.02,4.17,0.0,7.9,73.6,1018.6,"Lightning Without Thunder, Mist, Thunderstorm, Fog, Light Rain",33.6367,-84.428101,"33.6367,-84.428101","33.6367,-84.428101",,"Rain, Partially cloudy",ATL
239,"33.6367,-84.428101",08/27/2020,74.0,89.1,81.3,71.5,73.77,96.0,10.3,,126.92,,0.0,0.0,0.0,9.9,63.2,1017.1,Light Rain,33.6367,-84.428101,"33.6367,-84.428101","33.6367,-84.428101",,Partially cloudy,ATL
240,"33.6367,-84.428101",08/28/2020,74.9,86.0,79.5,73.0,81.14,92.2,12.7,23.0,202.88,,0.12,4.17,0.0,9.9,68.8,1014.9,Light Rain,33.6367,-84.428101,"33.6367,-84.428101","33.6367,-84.428101",,"Rain, Partially cloudy",ATL
241,"33.6367,-84.428101",08/29/2020,75.8,89.0,80.9,71.9,75.18,96.0,15.0,26.4,257.08,,0.0,0.0,0.0,9.9,77.3,1011.3,Light Rain,33.6367,-84.428101,"33.6367,-84.428101","33.6367,-84.428101",,Overcast,ATL
242,"33.6367,-84.428101",08/30/2020,72.0,89.1,79.3,72.3,80.94,96.1,13.9,44.7,234.0,,2.75,20.83,0.0,8.0,80.5,1010.5,"Lightning Without Thunder, Mist, Thunderstorm, Rain, Heavy Rain, Light Rain",33.6367,-84.428101,"33.6367,-84.428101","33.6367,-84.428101",,"Rain, Overcast",ATL
243,"33.6367,-84.428101",08/31/2020,73.1,89.0,79.6,72.2,79.57,98.1,11.3,,251.04,,0.01,8.33,0.0,8.1,76.0,1012.2,"Mist, Light Drizzle, Light Rain",33.6367,-84.428101,"33.6367,-84.428101","33.6367,-84.428101",,"Rain, Overcast",ATL
244,"33.6367,-84.428101",09/01/2020,74.9,88.1,81.0,72.7,76.73,98.8,8.0,,266.83,,0.13,4.17,0.0,9.9,56.1,1014.8,,33.6367,-84.428101,"33.6367,-84.428101","33.6367,-84.428101",,"Rain, Partially cloudy",ATL
245,"33.6367,-84.428101",09/02/2020,74.0,88.1,81.0,72.0,75.9,94.8,11.4,19.7,249.58,,0.0,0.0,0.0,9.6,35.1,1015.1,Mist,33.6367,-84.428101,"33.6367,-84.428101","33.6367,-84.428101",,Partially cloudy,ATL
246,"33.6367,-84.428101",09/03/2020,73.1,91.1,81.9,70.2,69.42,96.3,13.8,20.8,236.38,,0.0,0.0,0.0,9.9,16.8,1015.2,Mist,33.6367,-84.428101,"33.6367,-84.428101","33.6367,-84.428101",,Clear,ATL
247,"33.6367,-84.428101",09/04/2020,74.0,91.1,82.4,69.9,67.29,96.2,13.8,,293.71,,0.0,0.0,0.0,9.9,23.5,1017.9,,33.6367,-84.428101,"33.6367,-84.428101","33.6367,-84.428101",,Clear,ATL
248,"33.6367,-84.428101",09/05/2020,69.1,88.1,78.6,61.4,58.2,88.5,12.7,16.1,293.75,,0.0,0.0,0.0,9.9,39.1,1021.3,,33.6367,-84.428101,"33.6367,-84.428101","33.6367,-84.428101",,Partially cloudy,ATL
249,"33.6367,-84.428101",09/06/2020,68.0,83.9,75.8,57.9,54.78,83.0,11.4,,74.88,,0.0,0.0,0.0,9.9,27.6,1020.7,,33.6367,-84.428101,"33.6367,-84.428101","33.6367,-84.428101",,Partially cloudy,ATL
250,"33.6367,-84.428101",09/07/2020,65.9,84.8,75.0,57.1,55.36,83.5,10.3,,82.38,,0.0,0.0,0.0,9.9,1.1,1016.6,,33.6367,-84.428101,"33.6367,-84.428101","33.6367,-84.428101",,Clear,ATL
251,"33.6367,-84.428101",09/08/2020,66.8,84.8,75.9,60.7,60.7,84.8,12.7,19.7,78.71,,0.0,0.0,0.0,9.9,33.2,1016.7,,33.6367,-84.428101,"33.6367,-84.428101","33.6367,-84.428101",,Partially cloudy,ATL
252,"33.6367,-84.428101",09/09/2020,70.0,83.9,76.9,65.6,68.43,87.1,16.0,24.2,65.0,,0.0,0.0,0.0,9.9,47.3,1019.0,,33.6367,-84.428101,"33.6367,-84.428101","33.6367,-84.428101",,Partially cloudy,ATL
253,"33.6367,-84.428101",09/10/2020,74.9,83.9,78.8,70.7,76.72,88.9,14.9,,83.42,,0.0,8.33,0.0,9.9,79.5,1020.4,Light Rain,33.6367,-84.428101,"33.6367,-84.428101","33.6367,-84.428101",,Overcast,ATL
254,"33.6367,-84.428101",09/11/2020,74.0,89.9,81.3,70.8,71.88,93.9,10.2,16.1,79.13,,0.0,0.0,0.0,9.9,41.3,1017.9,,33.6367,-84.428101,"33.6367,-84.428101","33.6367,-84.428101",,Partially cloudy,ATL
255,"33.6367,-84.428101",09/12/2020,74.9,87.1,79.2,71.8,78.86,93.7,11.4,17.2,103.17,,0.02,16.67,0.0,8.7,64.6,1016.0,"Mist, Light Drizzle, Thunderstorm, Rain, Heavy Rain, Light Rain",33.6367,-84.428101,"33.6367,-84.428101","33.6367,-84.428101",,"Rain, Partially cloudy",ATL
256,"33.6367,-84.428101",09/13/2020,73.1,86.0,78.4,69.5,75.11,89.4,13.8,,106.17,,0.0,0.0,0.0,9.9,67.1,1016.8,,33.6367,-84.428101,"33.6367,-84.428101","33.6367,-84.428101",,Partially cloudy,ATL
257,"33.6367,-84.428101",09/14/2020,74.0,84.8,79.3,70.4,74.84,89.4,11.4,,73.63,,0.0,0.0,0.0,9.9,54.9,1018.1,Light Rain,33.6367,-84.428101,"33.6367,-84.428101","33.6367,-84.428101",,Partially cloudy,ATL
258,"33.6367,-84.428101",09/15/2020,69.2,77.0,71.9,65.4,80.36,,21.8,30.6,79.17,,0.19,20.83,0.0,9.5,85.3,1019.9,"Mist, Rain, Heavy Rain, Light Rain",33.6367,-84.428101,"33.6367,-84.428101","33.6367,-84.428101",,"Rain, Overcast",ATL
259,"33.6367,-84.428101",09/16/2020,63.0,70.1,66.4,61.4,84.36,,20.7,35.6,76.67,,0.91,58.33,0.0,7.5,91.1,1016.6,"Mist, Rain, Heavy Rain, Light Rain",33.6367,-84.428101,"33.6367,-84.428101","33.6367,-84.428101",,"Rain, Overcast",ATL
260,"33.6367,-84.428101",09/17/2020,66.8,74.0,70.0,66.8,89.77,,24.0,36.5,111.71,,3.08,83.33,0.0,5.9,88.4,1008.0,"Mist, Light Drizzle, Rain, Heavy Rain, Light Rain",33.6367,-84.428101,"33.6367,-84.428101","33.6367,-84.428101",,"Rain, Overcast",ATL
261,"33.6367,-84.428101",09/18/2020,66.8,81.0,73.0,65.1,77.63,83.0,11.4,,332.54,,0.0,0.0,0.0,9.9,71.8,1013.1,,33.6367,-84.428101,"33.6367,-84.428101","33.6367,-84.428101",,Partially cloudy,ATL
262,"33.6367,-84.428101",09/19/2020,63.0,71.0,67.9,56.9,68.1,,16.1,24.2,76.67,,0.0,0.0,0.0,9.9,75.9,1020.3,,33.6367,-84.428101,"33.6367,-84.428101","33.6367,-84.428101",,Overcast,ATL
263,"33.6367,-84.428101",09/20/2020,55.1,71.1,62.9,48.0,59.35,,19.6,27.8,77.08,,0.0,0.0,0.0,9.9,46.9,1024.8,,33.6367,-84.428101,"33.6367,-84.428101","33.6367,-84.428101",,Partially cloudy,ATL
264,"33.6367,-84.428101",09/21/2020,53.9,71.1,61.7,45.6,57.51,,22.9,32.8,81.25,,0.0,0.0,0.0,9.9,40.6,1027.1,Smoke Or Haze,33.6367,-84.428101,"33.6367,-84.428101","33.6367,-84.428101",,Partially cloudy,ATL
265,"33.6367,-84.428101",09/22/2020,52.0,70.1,61.3,49.6,66.52,,12.7,,133.25,,0.0,0.0,0.0,9.9,54.8,1023.4,,33.6367,-84.428101,"33.6367,-84.428101","33.6367,-84.428101",,Partially cloudy,ATL
266,"33.6367,-84.428101",09/23/2020,61.0,75.8,68.2,54.3,62.79,,9.1,,195.0,,0.0,0.0,0.0,9.9,66.8,1018.0,,33.6367,-84.428101,"33.6367,-84.428101","33.6367,-84.428101",,Partially cloudy,ATL
267,"33.6367,-84.428101",09/24/2020,64.1,69.2,66.3,62.4,87.41,,12.7,21.9,117.38,,0.96,58.33,0.0,5.5,83.6,1014.8,"Mist, Light Drizzle, Rain, Heavy Rain, Light Rain",33.6367,-84.428101,"33.6367,-84.428101","33.6367,-84.428101",,"Rain, Overcast",ATL
268,"33.6367,-84.428101",09/25/2020,69.2,75.8,72.0,66.7,83.91,,12.7,21.9,219.58,,0.03,37.5,0.0,8.4,76.6,1014.1,"Mist, Light Drizzle, Light Rain",33.6367,-84.428101,"33.6367,-84.428101","33.6367,-84.428101",,"Rain, Overcast",ATL
269,"33.6367,-84.428101",09/26/2020,68.0,80.0,73.1,64.1,75.09,81.1,6.9,,132.13,,0.0,0.0,0.0,8.2,72.2,1015.8,"Mist, Smoke Or Haze",33.6367,-84.428101,"33.6367,-84.428101","33.6367,-84.428101",,Partially cloudy,ATL
270,"33.6367,-84.428101",09/27/2020,68.0,82.1,72.7,67.0,82.81,85.1,9.2,,140.96,,0.0,12.5,0.0,9.8,72.8,1014.1,"Mist, Thunderstorm, Smoke Or Haze",33.6367,-84.428101,"33.6367,-84.428101","33.6367,-84.428101",,Partially cloudy,ATL
271,"33.6367,-84.428101",09/28/2020,69.2,83.0,74.6,66.1,76.71,84.5,10.3,,213.88,,0.08,16.67,0.0,8.9,72.7,1011.6,"Mist, Light Drizzle, Rain, Thunderstorm, Heavy Rain, Light Rain",33.6367,-84.428101,"33.6367,-84.428101","33.6367,-84.428101",,"Rain, Partially cloudy",ATL
272,"33.6367,-84.428101",09/29/2020,53.9,69.2,59.9,55.7,86.03,,17.1,25.2,307.08,,0.27,37.5,0.0,9.2,72.3,1012.1,"Lightning Without Thunder, Mist, Rain, Heavy Rain, Light Rain",33.6367,-84.428101,"33.6367,-84.428101","33.6367,-84.428101",,"Rain, Partially cloudy",ATL
273,"33.6367,-84.428101",09/30/2020,50.0,73.1,61.3,49.4,67.43,,12.7,,258.67,,0.0,0.0,0.0,9.9,2.3,1017.3,,33.6367,-84.428101,"33.6367,-84.428101","33.6367,-84.428101",,Clear,ATL
274,"33.6367,-84.428101",10/01/2020,55.1,80.0,66.3,52.7,63.71,80.4,16.1,21.9,265.13,,0.0,0.0,0.0,9.9,20.2,1016.4,,33.6367,-84.428101,"33.6367,-84.428101","33.6367,-84.428101",,Clear,ATL
275,"33.6367,-84.428101",10/02/2020,50.0,69.2,59.7,41.7,54.0,,12.7,24.1,329.21,47.2,0.0,0.0,0.0,9.9,13.8,1018.8,,33.6367,-84.428101,"33.6367,-84.428101","33.6367,-84.428101",,Clear,ATL
276,"33.6367,-84.428101",10/03/2020,50.0,71.0,60.1,44.8,59.24,,10.2,,128.83,47.2,0.0,0.0,0.0,9.9,27.1,1021.2,,33.6367,-84.428101,"33.6367,-84.428101","33.6367,-84.428101",,Partially cloudy,ATL
277,"33.6367,-84.428101",10/04/2020,53.9,71.1,62.0,48.6,62.94,,10.2,,114.67,,0.0,0.0,0.0,9.9,78.9,1020.9,Mist,33.6367,-84.428101,"33.6367,-84.428101","33.6367,-84.428101",,Overcast,ATL
278,"33.6367,-84.428101",10/05/2020,53.9,77.0,65.0,53.2,68.22,,9.1,,137.83,,0.0,0.0,0.0,9.9,44.8,1020.4,Mist,33.6367,-84.428101,"33.6367,-84.428101","33.6367,-84.428101",,Partially cloudy,ATL
279,"33.6367,-84.428101",10/06/2020,56.9,79.1,67.8,57.3,70.9,,10.2,,96.88,,0.0,0.0,0.0,9.9,40.0,1019.6,Mist,33.6367,-84.428101,"33.6367,-84.428101","33.6367,-84.428101",,Partially cloudy,ATL
280,"33.6367,-84.428101",10/07/2020,62.9,82.1,71.5,60.9,71.23,83.0,10.3,,269.25,,0.0,0.0,0.0,9.9,43.5,1018.0,Mist,33.6367,-84.428101,"33.6367,-84.428101","33.6367,-84.428101",,Partially cloudy,ATL
281,"33.6367,-84.428101",10/08/2020,59.0,83.9,71.2,57.5,64.36,83.0,6.9,,177.96,,0.0,0.0,0.0,9.9,63.9,1018.4,Mist,33.6367,-84.428101,"33.6367,-84.428101","33.6367,-84.428101",,Partially cloudy,ATL
282,"33.6367,-84.428101",10/09/2020,65.0,74.9,69.4,62.8,80.09,,13.8,17.2,81.08,,0.13,41.67,0.0,8.5,95.4,1019.4,"Mist, Rain, Heavy Rain, Light Rain",33.6367,-84.428101,"33.6367,-84.428101","33.6367,-84.428101",,"Rain, Overcast",ATL
283,"33.6367,-84.428101",10/10/2020,65.0,75.8,71.1,68.4,91.44,,14.8,23.0,127.29,,3.56,70.83,0.0,5.1,98.8,1013.5,"Mist, Light Drizzle, Rain, Heavy Rain, Light Rain",33.6367,-84.428101,"33.6367,-84.428101","33.6367,-84.428101",,"Rain, Overcast",ATL
284,"33.6367,-84.428101",10/11/2020,70.1,74.9,72.0,68.0,87.39,,14.9,23.0,207.08,,0.05,41.67,0.0,9.7,92.1,1008.8,"Mist, Rain, Heavy Rain, Light Rain",33.6367,-84.428101,"33.6367,-84.428101","33.6367,-84.428101",,"Rain, Overcast",ATL
285,"33.6367,-84.428101",10/12/2020,70.1,80.9,73.3,66.8,80.87,83.0,10.3,,258.04,,0.0,0.0,0.0,9.9,77.1,1012.1,,33.6367,-84.428101,"33.6367,-84.428101","33.6367,-84.428101",,Overcast,ATL
286,"33.6367,-84.428101",10/13/2020,61.1,79.0,70.5,59.0,69.51,,16.0,,306.79,,0.0,0.0,0.0,9.4,26.8,1015.5,Mist,33.6367,-84.428101,"33.6367,-84.428101","33.6367,-84.428101",,Partially cloudy,ATL
287,"33.6367,-84.428101",10/14/2020,56.0,80.0,67.6,53.9,63.03,80.4,10.3,,151.04,,0.0,0.0,0.0,9.9,17.5,1017.3,,33.6367,-84.428101,"33.6367,-84.428101","33.6367,-84.428101",,Clear,ATL
288,"33.6367,-84.428101",10/15/2020,62.9,79.1,70.3,61.9,75.79,,10.3,,187.88,,0.0,0.0,0.0,8.3,60.4,1015.6,"Mist, Smoke Or Haze",33.6367,-84.428101,"33.6367,-84.428101","33.6367,-84.428101",,Partially cloudy,ATL
289,"33.6367,-84.428101",10/16/2020,52.1,69.1,61.3,48.0,63.15,,18.2,28.9,307.5,,0.0,0.0,0.0,9.9,31.3,1019.6,Mist,33.6367,-84.428101,"33.6367,-84.428101","33.6367,-84.428101",,Partially cloudy,ATL
290,"33.6367,-84.428101",10/17/2020,44.9,65.9,56.0,37.9,51.51,,16.0,23.0,165.58,41.2,0.0,0.0,0.0,9.9,13.8,1025.1,,33.6367,-84.428101,"33.6367,-84.428101","33.6367,-84.428101",,Clear,ATL
291,"33.6367,-84.428101",10/18/2020,48.8,71.0,59.2,48.4,68.1,,14.9,,90.83,44.9,0.0,0.0,0.0,9.9,35.5,1025.1,,33.6367,-84.428101,"33.6367,-84.428101","33.6367,-84.428101",,Partially cloudy,ATL
292,"33.6367,-84.428101",10/19/2020,53.9,75.8,64.1,54.1,71.45,,10.2,,91.83,,0.0,0.0,0.0,9.9,32.1,1023.3,,33.6367,-84.428101,"33.6367,-84.428101","33.6367,-84.428101",,Partially cloudy,ATL
293,"33.6367,-84.428101",10/20/2020,57.8,79.1,67.7,57.5,71.02,,10.2,,87.33,,0.0,0.0,0.0,9.9,29.1,1022.1,Mist,33.6367,-84.428101,"33.6367,-84.428101","33.6367,-84.428101",,Partially cloudy,ATL
294,"33.6367,-84.428101",10/21/2020,62.0,80.1,70.7,62.9,77.22,82.1,11.4,,82.0,,0.0,0.0,0.0,9.8,54.6,1022.1,Light Drizzle,33.6367,-84.428101,"33.6367,-84.428101","33.6367,-84.428101",,Partially cloudy,ATL
295,"33.6367,-84.428101",10/22/2020,65.0,80.0,71.2,63.5,77.84,81.4,13.8,,93.71,,0.0,0.0,0.0,9.9,56.8,1020.9,Mist,33.6367,-84.428101,"33.6367,-84.428101","33.6367,-84.428101",,Partially cloudy,ATL
296,"33.6367,-84.428101",10/23/2020,65.0,80.9,72.3,63.4,75.2,82.2,8.0,,123.13,,0.0,0.0,0.0,9.9,48.4,1018.8,Mist,33.6367,-84.428101,"33.6367,-84.428101","33.6367,-84.428101",,Partially cloudy,ATL
297,"33.6367,-84.428101",10/24/2020,65.9,78.2,69.8,64.5,83.97,,10.7,18.3,116.46,,1.83,41.67,0.0,8.4,83.7,1015.0,"Lightning Without Thunder, Mist, Rain, Thunderstorm, Fog, Heavy Rain, Light Rain",33.6367,-84.428101,"33.6367,-84.428101","33.6367,-84.428101",,"Rain, Overcast",ATL
298,"33.6367,-84.428101",10/25/2020,65.9,74.9,69.8,64.3,83.28,,6.9,,221.38,,0.08,25.0,0.0,9.7,94.1,1013.9,"Mist, Light Rain",33.6367,-84.428101,"33.6367,-84.428101","33.6367,-84.428101",,"Rain, Overcast",ATL
299,"33.6367,-84.428101",10/26/2020,65.0,69.2,67.1,63.9,89.44,,11.3,,95.04,,0.02,4.17,0.0,7.8,100.0,1018.6,"Mist, Light Rain",33.6367,-84.428101,"33.6367,-84.428101","33.6367,-84.428101",,"Rain, Overcast",ATL
300,"33.6367,-84.428101",10/27/2020,64.1,74.0,68.0,64.3,88.18,,9.1,,104.83,,0.0,0.0,0.0,5.0,92.7,1020.7,Mist,33.6367,-84.428101,"33.6367,-84.428101","33.6367,-84.428101",,Overcast,ATL
301,"33.6367,-84.428101",10/28/2020,69.2,75.8,72.6,69.4,89.84,,11.4,,145.29,,0.11,25.0,0.0,6.4,97.8,1016.2,"Mist, Light Drizzle, Light Rain",33.6367,-84.428101,"33.6367,-84.428101","33.6367,-84.428101",,"Rain, Overcast",ATL
302,"33.6367,-84.428101",10/29/2020,51.2,82.1,72.5,61.4,70.06,83.6,29.9,50.1,222.92,,0.91,33.33,0.0,8.9,79.2,1005.0,"Mist, Rain, Heavy Rain, Light Rain",33.6367,-84.428101,"33.6367,-84.428101","33.6367,-84.428101",,"Rain, Overcast",ATL
303,"33.6367,-84.428101",10/30/2020,48.8,62.0,54.5,42.1,64.02,,23.0,32.2,317.5,45.3,0.0,0.0,0.0,9.9,45.4,1018.2,,33.6367,-84.428101,"33.6367,-84.428101","33.6367,-84.428101",,Partially cloudy,ATL
304,"33.6367,-84.428101",10/31/2020,47.0,65.0,55.6,42.6,62.45,,18.3,21.9,97.08,41.5,0.0,0.0,0.0,9.9,43.4,1025.7,,33.6367,-84.428101,"33.6367,-84.428101","33.6367,-84.428101",,Partially cloudy,ATL
305,"33.6367,-84.428101",11/01/2020,53.0,70.1,59.1,46.7,68.04,,23.0,42.4,231.21,,0.0,4.17,0.0,7.5,59.5,1022.1,"Mist, Light Drizzle, Light Rain",33.6367,-84.428101,"33.6367,-84.428101","33.6367,-84.428101",,Partially cloudy,ATL
306,"33.6367,-84.428101",11/02/2020,38.0,57.8,47.6,20.6,35.51,,24.1,37.0,315.38,31.1,0.0,0.0,0.0,9.9,6.9,1027.1,,33.6367,-84.428101,"33.6367,-84.428101","33.6367,-84.428101",,Clear,ATL
307,"33.6367,-84.428101",11/03/2020,38.0,65.0,50.4,29.2,47.89,,11.4,,289.21,33.3,0.0,0.0,0.0,9.9,4.6,1026.7,,33.6367,-84.428101,"33.6367,-84.428101","33.6367,-84.428101",,Clear,ATL
308,"33.6367,-84.428101",11/04/2020,46.0,69.2,56.3,38.3,53.03,,9.2,19.7,146.04,43.8,0.0,0.0,0.0,9.9,8.0,1028.5,,33.6367,-84.428101,"33.6367,-84.428101","33.6367,-84.428101",,Clear,ATL
309,"33.6367,-84.428101",11/05/2020,47.9,70.1,58.7,44.8,61.0,,9.1,,71.63,44.7,0.0,0.0,0.0,9.9,61.5,1027.9,,33.6367,-84.428101,"33.6367,-84.428101","33.6367,-84.428101",,Partially cloudy,ATL
310,"33.6367,-84.428101",11/06/2020,56.9,74.9,64.3,50.8,62.41,,13.8,18.3,72.08,,0.0,0.0,0.0,9.9,71.3,1024.3,,33.6367,-84.428101,"33.6367,-84.428101","33.6367,-84.428101",,Partially cloudy,ATL
311,"33.6367,-84.428101",11/07/2020,61.1,72.0,66.1,59.5,79.61,,16.0,18.3,83.71,,0.11,16.67,0.0,9.2,81.5,1022.8,"Mist, Light Drizzle, Light Rain",33.6367,-84.428101,"33.6367,-84.428101","33.6367,-84.428101",,"Rain, Overcast",ATL
312,"33.6367,-84.428101",11/08/2020,62.9,74.9,68.2,61.6,79.62,,18.3,28.9,81.67,,0.0,4.17,0.0,9.8,84.3,1023.2,"Mist, Light Rain",33.6367,-84.428101,"33.6367,-84.428101","33.6367,-84.428101",,Overcast,ATL
313,"33.6367,-84.428101",11/09/2020,65.9,78.1,69.7,61.4,75.94,,18.3,26.4,84.83,,0.0,0.0,0.0,9.9,75.0,1021.7,,33.6367,-84.428101,"33.6367,-84.428101","33.6367,-84.428101",,Partially cloudy,ATL
314,"33.6367,-84.428101",11/10/2020,66.8,71.0,68.6,65.5,89.95,,17.1,17.2,90.38,,0.09,20.83,0.0,5.4,98.7,1017.2,"Mist, Light Drizzle, Rain, Heavy Rain, Light Rain",33.6367,-84.428101,"33.6367,-84.428101","33.6367,-84.428101",,"Rain, Overcast",ATL
315,"33.6367,-84.428101",11/11/2020,70.1,78.1,73.3,70.1,89.9,,8.0,,150.13,,0.11,50.0,0.0,5.9,87.3,1012.9,"Mist, Light Drizzle, Rain, Fog, Heavy Rain, Light Rain, Smoke Or Haze",33.6367,-84.428101,"33.6367,-84.428101","33.6367,-84.428101",,"Rain, Overcast",ATL
316,"33.6367,-84.428101",11/12/2020,61.1,74.0,67.1,62.1,84.64,,16.0,21.9,308.75,,0.0,8.33,0.0,6.1,64.0,1012.4,"Mist, Fog, Light Rain",33.6367,-84.428101,"33.6367,-84.428101","33.6367,-84.428101",,Partially cloudy,ATL
317,"33.6367,-84.428101",11/13/2020,55.1,73.1,62.2,48.0,64.47,,16.0,,311.67,,0.0,0.0,0.0,9.5,20.9,1018.5,Mist,33.6367,-84.428101,"33.6367,-84.428101","33.6367,-84.428101",,Clear,ATL
318,"33.6367,-84.428101",11/14/2020,47.0,71.0,58.8,43.0,58.28,,10.3,,167.79,44.9,0.0,0.0,0.0,9.9,37.9,1020.3,Mist,33.6367,-84.428101,"33.6367,-84.428101","33.6367,-84.428101",,Partially cloudy,ATL
319,"33.6367,-84.428101",11/15/2020,51.2,71.0,59.2,49.8,72.8,,21.9,32.2,205.08,,0.0,4.17,0.0,9.7,55.4,1018.3,"Mist, Light Rain",33.6367,-84.428101,"33.6367,-84.428101","33.6367,-84.428101",,Partially cloudy,ATL
320,"33.6367,-84.428101",11/16/2020,43.1,62.0,51.8,27.9,41.73,,19.6,27.7,320.08,38.3,0.0,0.0,0.0,9.9,0.0,1023.7,,33.6367,-84.428101,"33.6367,-84.428101","33.6367,-84.428101",,Clear,ATL
321,"33.6367,-84.428101",11/17/2020,41.0,64.1,51.7,24.7,38.0,,22.9,35.6,321.67,36.4,0.0,0.0,0.0,9.9,0.0,1027.1,,33.6367,-84.428101,"33.6367,-84.428101","33.6367,-84.428101",,Clear,ATL
322,"33.6367,-84.428101",11/18/2020,38.0,64.1,50.6,23.7,37.04,,11.4,,169.83,34.4,0.0,0.0,0.0,9.9,0.0,1032.5,,33.6367,-84.428101,"33.6367,-84.428101","33.6367,-84.428101",,Clear,ATL
323,"33.6367,-84.428101",11/19/2020,37.1,61.1,49.5,26.7,44.44,,12.7,18.3,93.13,31.1,0.0,0.0,0.0,9.9,6.9,1034.4,,33.6367,-84.428101,"33.6367,-84.428101","33.6367,-84.428101",,Clear,ATL
324,"33.6367,-84.428101",11/20/2020,43.0,70.1,55.0,40.1,57.85,,9.1,,77.29,38.8,0.0,0.0,0.0,9.9,12.6,1032.2,Mist,33.6367,-84.428101,"33.6367,-84.428101","33.6367,-84.428101",,Clear,ATL
325,"33.6367,-84.428101",11/21/2020,48.8,71.0,59.2,48.4,69.69,,5.8,,154.88,47.0,0.0,0.0,0.0,9.9,43.6,1028.0,"Mist, Smoke Or Haze",33.6367,-84.428101,"33.6367,-84.428101","33.6367,-84.428101",,Partially cloudy,ATL
326,"33.6367,-84.428101",11/22/2020,52.0,69.2,59.5,51.2,75.22,,6.9,,145.38,,0.0,0.0,0.0,9.6,87.0,1022.6,Mist,33.6367,-84.428101,"33.6367,-84.428101","33.6367,-84.428101",,Overcast,ATL
327,"33.6367,-84.428101",11/23/2020,44.0,61.1,53.1,37.9,58.7,,19.6,28.3,324.33,38.8,0.0,0.0,0.0,9.9,28.8,1022.5,,33.6367,-84.428101,"33.6367,-84.428101","33.6367,-84.428101",,Partially cloudy,ATL
328,"33.6367,-84.428101",11/24/2020,39.8,60.2,49.8,33.0,53.89,,12.7,19.7,108.75,33.3,0.0,0.0,0.0,9.9,57.5,1025.6,,33.6367,-84.428101,"33.6367,-84.428101","33.6367,-84.428101",,Partially cloudy,ATL
329,"33.6367,-84.428101",11/25/2020,48.8,71.0,59.0,51.1,76.07,,14.5,32.4,147.79,44.1,0.36,16.67,0.0,8.5,92.1,1021.4,"Mist, Rain, Heavy Rain, Light Rain",33.6367,-84.428101,"33.6367,-84.428101","33.6367,-84.428101",,"Rain, Overcast",ATL
330,"33.6367,-84.428101",11/26/2020,57.8,73.1,65.2,57.2,76.94,,10.3,18.3,221.33,,0.69,25.0,0.0,8.2,67.3,1018.2,"Mist, Rain, Fog, Heavy Rain, Light Rain",33.6367,-84.428101,"33.6367,-84.428101","33.6367,-84.428101",,"Rain, Partially cloudy",ATL
331,"33.6367,-84.428101",11/27/2020,46.1,71.0,58.3,42.1,59.43,,9.1,,222.96,46.0,0.0,0.0,0.0,9.9,60.6,1019.0,"Mist, Fog",33.6367,-84.428101,"33.6367,-84.428101","33.6367,-84.428101",,Partially cloudy,ATL
332,"33.6367,-84.428101",11/28/2020,51.2,68.0,58.2,47.2,68.76,,12.7,,298.0,,0.12,16.67,0.0,9.6,81.9,1018.1,"Mist, Light Rain",33.6367,-84.428101,"33.6367,-84.428101","33.6367,-84.428101",,"Rain, Overcast",ATL
333,"33.6367,-84.428101",11/29/2020,52.0,56.0,54.9,51.6,88.89,,11.4,,96.58,,1.22,37.5,0.0,4.0,92.9,1016.1,"Mist, Rain, Fog, Heavy Rain, Light Rain",33.6367,-84.428101,"33.6367,-84.428101","33.6367,-84.428101",,"Rain, Overcast",ATL
334,"33.6367,-84.428101",11/30/2020,35.0,56.0,44.2,38.3,79.58,,25.2,44.7,265.0,23.5,0.32,41.67,0.0,8.1,97.8,1009.2,"Mist, Light Snow, Rain, Heavy Rain, Light Rain",33.6367,-84.428101,"33.6367,-84.428101","33.6367,-84.428101",,"Rain, Overcast",ATL
335,"33.6367,-84.428101",12/01/2020,29.0,43.1,35.2,21.8,59.07,,18.3,30.7,289.96,19.3,0.0,0.0,0.0,9.9,32.6,1020.4,,33.6367,-84.428101,"33.6367,-84.428101","33.6367,-84.428101",,Partially cloudy,ATL
336,"33.6367,-84.428101",12/02/2020,28.1,53.9,39.7,20.9,50.31,,13.8,19.7,306.67,19.9,0.0,0.0,0.0,9.9,19.9,1026.4,,33.6367,-84.428101,"33.6367,-84.428101","33.6367,-84.428101",,Clear,ATL
337,"33.6367,-84.428101",12/03/2020,33.1,55.1,44.9,27.0,52.06,,10.3,,97.71,29.7,0.0,0.0,0.0,9.9,70.6,1026.0,"Mist, Light Rain",33.6367,-84.428101,"33.6367,-84.428101","33.6367,-84.428101",,Partially cloudy,ATL
338,"33.6367,-84.428101",12/04/2020,42.2,60.1,49.5,42.3,76.45,,21.8,39.8,188.63,32.9,0.12,29.17,0.0,9.1,85.2,1018.5,"Mist, Rain, Heavy Rain, Light Rain",33.6367,-84.428101,"33.6367,-84.428101","33.6367,-84.428101",,"Rain, Overcast",ATL
339,"33.6367,-84.428101",12/05/2020,38.0,56.9,45.4,34.8,68.33,,16.1,23.0,303.75,31.1,0.0,0.0,0.0,9.9,15.8,1019.2,,33.6367,-84.428101,"33.6367,-84.428101","33.6367,-84.428101",,Clear,ATL
340,"33.6367,-84.428101",12/06/2020,38.0,56.0,47.1,38.5,73.19,,8.0,,253.75,32.8,0.05,8.33,0.0,9.8,87.3,1015.5,"Mist, Light Rain",33.6367,-84.428101,"33.6367,-84.428101","33.6367,-84.428101",,"Rain, Overcast",ATL
341,"33.6367,-84.428101",12/07/2020,35.0,48.8,42.7,34.8,74.41,,24.1,35.2,297.0,26.0,0.0,0.0,0.0,9.3,70.7,1012.0,"Mist, Light Rain",33.6367,-84.428101,"33.6367,-84.428101","33.6367,-84.428101",,Partially cloudy,ATL
342,"33.6367,-84.428101",12/08/2020,30.8,47.9,38.0,24.2,58.4,,19.6,27.8,317.08,21.2,0.0,0.0,0.0,9.9,4.6,1018.9,,33.6367,-84.428101,"33.6367,-84.428101","33.6367,-84.428101",,Clear,ATL
343,"33.6367,-84.428101",12/09/2020,29.9,62.0,44.8,32.0,62.76,,12.6,,275.92,22.5,0.0,0.0,0.0,9.9,42.5,1019.3,,33.6367,-84.428101,"33.6367,-84.428101","33.6367,-84.428101",,Partially cloudy,ATL
344,"33.6367,-84.428101",12/10/2020,39.8,68.0,53.4,37.3,57.84,,4.7,,161.71,37.7,0.0,0.0,0.0,9.9,9.2,1019.7,Mist,33.6367,-84.428101,"33.6367,-84.428101","33.6367,-84.428101",,Clear,ATL
345,"33.6367,-84.428101",12/11/2020,43.0,65.9,54.5,40.1,60.17,,6.9,,108.21,40.6,0.0,0.0,0.0,9.9,56.1,1020.4,Mist,33.6367,-84.428101,"33.6367,-84.428101","33.6367,-84.428101",,Partially cloudy,ATL
346,"33.6367,-84.428101",12/12/2020,51.1,66.8,59.0,49.1,70.37,,13.8,23.0,187.71,,0.02,16.67,0.0,9.7,90.7,1017.6,"Mist, Light Rain",33.6367,-84.428101,"33.6367,-84.428101","33.6367,-84.428101",,"Rain, Overcast",ATL
347,"33.6367,-84.428101",12/13/2020,53.1,66.8,59.4,51.9,77.87,,8.0,,210.58,,0.02,12.5,0.0,8.9,75.9,1017.2,"Mist, Light Drizzle, Light Rain",33.6367,-84.428101,"33.6367,-84.428101","33.6367,-84.428101",,"Rain, Overcast",ATL
348,"33.6367,-84.428101",12/14/2020,39.8,64.1,52.0,44.4,75.85,,25.2,43.2,288.71,33.5,0.43,20.83,0.0,9.7,67.1,1013.9,"Mist, Rain, Heavy Rain, Light Rain",33.6367,-84.428101,"33.6367,-84.428101","33.6367,-84.428101",,"Rain, Partially cloudy",ATL
349,"33.6367,-84.428101",12/15/2020,35.9,51.2,43.1,32.4,67.03,,17.2,27.0,116.25,27.5,0.0,0.0,0.0,9.9,68.0,1020.5,,33.6367,-84.428101,"33.6367,-84.428101","33.6367,-84.428101",,Partially cloudy,ATL
350,"33.6367,-84.428101",12/16/2020,39.8,44.1,42.2,39.1,88.72,,18.2,25.3,160.04,32.0,0.33,45.83,0.0,6.4,99.6,1014.5,"Mist, Rain, Heavy Rain, Light Rain",33.6367,-84.428101,"33.6367,-84.428101","33.6367,-84.428101",,"Rain, Overcast",ATL
351,"33.6367,-84.428101",12/17/2020,33.2,42.2,36.7,29.4,75.03,,16.0,23.0,301.67,24.0,0.0,0.0,0.0,9.9,69.4,1019.8,,33.6367,-84.428101,"33.6367,-84.428101","33.6367,-84.428101",,Partially cloudy,ATL
352,"33.6367,-84.428101",12/18/2020,29.9,52.1,39.0,24.2,57.01,,12.7,,264.67,21.0,0.0,0.0,0.0,9.9,27.3,1027.9,,33.6367,-84.428101,"33.6367,-84.428101","33.6367,-84.428101",,Partially cloudy,ATL
353,"33.6367,-84.428101",12/19/2020,29.9,52.1,41.8,29.1,62.35,,10.3,20.8,104.0,23.1,0.0,0.0,0.0,9.9,51.7,1026.6,,33.6367,-84.428101,"33.6367,-84.428101","33.6367,-84.428101",,Partially cloudy,ATL
354,"33.6367,-84.428101",12/20/2020,43.1,56.0,48.9,39.8,71.07,,10.3,,174.13,38.3,0.0,0.0,0.0,9.9,88.3,1017.6,Light Rain,33.6367,-84.428101,"33.6367,-84.428101","33.6367,-84.428101",,Overcast,ATL
355,"33.6367,-84.428101",12/21/2020,42.1,60.2,49.7,39.4,70.31,,14.9,20.8,278.38,37.3,0.0,0.0,0.0,9.5,35.4,1017.4,Mist,33.6367,-84.428101,"33.6367,-84.428101","33.6367,-84.428101",,Partially cloudy,ATL
356,"33.6367,-84.428101",12/22/2020,42.2,61.1,50.3,28.0,47.39,,20.7,23.1,293.67,36.7,0.0,0.0,0.0,9.9,11.2,1022.7,,33.6367,-84.428101,"33.6367,-84.428101","33.6367,-84.428101",,Clear,ATL
357,"33.6367,-84.428101",12/23/2020,37.1,60.2,49.5,32.9,53.51,,12.7,19.7,93.33,31.7,0.0,0.0,0.0,9.9,74.0,1023.1,,33.6367,-84.428101,"33.6367,-84.428101","33.6367,-84.428101",,Partially cloudy,ATL
358,"33.6367,-84.428101",12/24/2020,32.0,56.0,47.4,41.8,81.34,,20.7,33.6,201.75,21.6,1.31,62.5,0.0,8.5,91.7,1010.0,"Mist, Light Snow, Light Drizzle, Rain, Heavy Rain, Light Rain",33.6367,-84.428101,"33.6367,-84.428101","33.6367,-84.428101",,"Rain, Overcast",ATL
359,"33.6367,-84.428101",12/25/2020,25.1,35.0,29.4,9.9,45.04,,25.2,38.1,282.92,14.4,0.0,0.0,0.0,9.9,31.4,1017.6,,33.6367,-84.428101,"33.6367,-84.428101","33.6367,-84.428101",,Partially cloudy,ATL
360,"33.6367,-84.428101",12/26/2020,21.8,47.9,33.1,11.4,42.78,,11.4,17.2,278.79,11.7,0.0,0.0,0.0,9.9,6.9,1022.6,,33.6367,-84.428101,"33.6367,-84.428101","33.6367,-84.428101",,Clear,ATL
361,"33.6367,-84.428101",12/27/2020,29.0,56.9,42.7,23.3,48.48,,9.1,18.3,211.96,23.9,0.0,0.0,0.0,9.9,23.2,1023.1,,33.6367,-84.428101,"33.6367,-84.428101","33.6367,-84.428101",,Clear,ATL
362,"33.6367,-84.428101",12/28/2020,34.0,59.0,47.9,36.7,65.75,,10.2,,201.13,32.3,0.0,0.0,0.0,9.9,62.9,1026.2,,33.6367,-84.428101,"33.6367,-84.428101","33.6367,-84.428101",,Partially cloudy,ATL
363,"33.6367,-84.428101",12/29/2020,38.9,65.0,51.9,38.7,66.09,,8.0,,207.92,35.4,0.0,0.0,0.0,9.5,37.7,1027.9,"Mist, Fog, Light Rain, Smoke Or Haze",33.6367,-84.428101,"33.6367,-84.428101","33.6367,-84.428101",,Partially cloudy,ATL
364,"33.6367,-84.428101",12/30/2020,45.0,53.0,49.6,43.2,78.6,,14.9,21.9,106.58,40.1,0.0,0.0,0.0,9.4,93.8,1025.4,,33.6367,-84.428101,"33.6367,-84.428101","33.6367,-84.428101",,Overcast,ATL
365,"33.6367,-84.428101",12/31/2020,44.1,57.0,50.8,48.3,91.22,,10.3,,94.42,39.5,0.07,41.67,0.0,2.6,81.0,1020.0,"Mist, Light Drizzle, Fog, Light Rain, Smoke Or Haze",33.6367,-84.428101,"33.6367,-84.428101","33.6367,-84.428101",,"Rain, Overcast",ATL
